time_stamp,cpu_util_percent,mem_util_percent,net_in,net_out,disk_io_percent
6040,0.33,0.86,32.99,25.74,0.03
6050,0.3,0.86,32.99,25.74,0.03
6090,0.32,0.87,32.99,25.74,0.03
6100,0.29,0.87,32.99,25.74,0.03
6120,0.29,0.85,32.99,25.74,0.03
6130,0.27,0.85,32.99,25.74,0.03
6160,0.28,0.84,32.99,25.74,0.03
6220,0.23,0.83,32.99,25.75,0.03
6240,0.32,0.85,33.0,25.75,0.04
6250,0.38,0.86,33.0,25.75,0.04
6260,0.39,0.86,33.0,25.75,0.04
6270,0.37,0.86,33.0,25.75,0.04
6330,0.33,0.86,33.0,25.75,0.04
6470,0.38,0.88,33.0,25.75,0.03
6490,0.36,0.88,33.0,25.75,0.05
6520,0.38,0.9,33.0,25.75,0.05
6570,0.35,0.91,33.0,25.75,0.03
6690,0.42,0.91,33.0,25.75,0.04
6720,0.38,0.9,33.0,25.75,0.03
6830,0.36,0.88,33.01,25.75,0.03
6850,0.36,0.87,33.01,25.75,0.02
7010,0.33,0.88,33.01,25.76,0.02
7160,0.28,0.87,33.01,25.76,0.11
7220,0.31,0.87,33.01,25.76,0.06
7250,0.44,0.88,33.01,25.76,0.06
7260,0.47,0.89,33.01,25.76,0.09
7400,0.38,0.9,33.02,25.76,0.09
7680,0.34,0.9,33.03,25.77,0.04
7730,0.33,0.91,33.03,25.77,0.04
7760,0.32,0.9,33.03,25.77,0.04
8060,0.42,0.92,33.03,25.77,0.05
8160,0.52,0.94,33.04,25.78,0.06
8220,0.45,0.93,33.04,25.78,0.08
8240,0.48,0.91,33.04,25.78,0.08
8420,0.43,0.87,33.04,25.78,0.07
8470,0.34,0.85,33.04,25.78,0.07
8520,0.23,0.85,33.04,25.78,0.05
8540,0.28,0.85,33.04,25.78,0.05
8610,0.31,0.85,33.04,25.78,0.06
8690,0.35,0.86,33.05,25.78,0.2
8730,0.33,0.86,33.05,25.78,0.41
8900,0.29,0.85,33.05,25.79,0.1
8960,0.28,0.83,33.05,25.79,0.03
9070,0.35,0.85,33.05,25.79,0.04
9100,0.29,0.84,33.05,25.79,0.04
9120,0.28,0.84,33.05,25.79,0.05
9230,0.29,0.85,33.05,25.79,0.04
9290,0.31,0.85,33.06,25.79,0.03
10050,0.24,0.84,33.07,25.8,0.02
10060,0.22,0.83,33.07,25.8,0.02
10250,0.4,0.85,33.07,25.8,0.03
10300,0.36,0.85,33.07,25.8,0.03
10520,0.28,0.86,33.08,25.8,0.02
10570,0.3,0.86,33.08,25.8,0.04
10700,0.26,0.85,33.08,25.81,0.04
10890,0.33,0.88,33.08,25.81,0.04
10910,0.34,0.89,33.08,25.81,0.04
10950,0.35,0.9,33.08,25.81,0.03
10980,0.32,0.88,33.08,25.81,0.04
11240,0.24,0.88,33.09,25.81,0.03
11300,0.21,0.88,33.09,25.81,0.02
11330,0.26,0.88,33.09,25.81,0.02
11350,0.26,0.87,33.09,25.81,0.06
11620,0.32,0.84,33.1,25.82,0.03
11790,0.29,0.84,33.1,25.82,0.05
11870,0.24,0.84,33.1,25.82,0.03
11950,0.32,0.85,33.1,25.82,0.02
12120,0.3,0.84,33.11,25.82,0.04
12150,0.3,0.83,33.11,25.82,0.04
12160,0.31,0.84,33.11,25.82,0.04
12250,0.39,0.86,33.11,25.82,0.05
12320,0.35,0.88,33.11,25.83,0.04
12380,0.36,0.89,33.11,25.83,0.03
12460,0.37,0.92,33.11,25.83,0.04
12560,0.41,0.92,33.12,25.83,0.04
12580,0.31,0.88,33.12,25.83,0.04
12660,0.36,0.86,33.12,25.83,0.03
12770,0.28,0.85,33.12,25.83,0.03
12790,0.29,0.84,33.12,25.83,0.04
12940,0.35,0.84,33.12,25.83,0.06
13130,0.26,0.86,33.13,25.84,0.05
13150,0.33,0.87,33.13,25.84,0.04
13230,0.34,0.87,33.13,25.84,0.05
13340,0.33,0.88,33.13,25.84,0.03
13490,0.32,0.88,33.13,25.84,0.04
13500,0.31,0.87,33.13,25.84,0.05
13510,0.33,0.88,33.13,25.84,0.05
13520,0.31,0.88,33.13,25.84,0.05
13640,0.29,0.87,33.14,25.84,0.05
13790,0.34,0.91,33.14,25.84,0.03
13850,0.33,0.88,33.14,25.85,0.03
13950,0.34,0.89,33.14,25.85,0.03
14020,0.27,0.87,33.14,25.85,0.08
14160,0.31,0.9,33.15,25.85,0.06
14190,0.39,0.91,33.15,25.85,0.06
14280,0.39,0.92,33.15,25.85,0.04
14340,0.34,0.93,33.15,25.85,0.04
14360,0.34,0.91,33.15,25.85,0.04
14370,0.32,0.91,33.15,25.85,0.04
14400,0.32,0.89,33.15,25.85,0.04
14410,0.34,0.9,33.15,25.85,0.04
14450,0.29,0.91,33.15,25.85,0.04
14510,0.28,0.89,33.15,25.85,0.05
14620,0.32,0.89,33.16,25.85,0.03
14670,0.38,0.9,33.16,25.86,0.08
14840,0.33,0.88,33.16,25.86,0.06
15200,0.49,0.91,33.17,25.86,0.06
15240,0.39,0.9,33.17,25.86,0.05
15250,0.4,0.91,33.17,25.86,0.05
15280,0.44,0.89,33.17,25.87,0.05
15390,0.35,0.89,33.17,25.87,0.04
15590,0.31,0.9,33.18,25.87,0.05
15830,0.35,0.89,33.18,25.87,0.07
15970,0.29,0.88,33.18,25.88,0.08
15990,0.28,0.88,33.18,25.88,0.08
16100,0.27,0.88,33.19,25.88,0.02
16310,0.31,0.89,33.19,25.88,0.02
16330,0.31,0.89,33.19,25.88,0.03
16350,0.31,0.89,33.19,25.88,0.03
16400,0.27,0.88,33.19,25.88,0.03
16450,0.25,0.88,33.19,25.88,0.03
16560,0.27,0.89,33.19,25.88,0.02
16590,0.26,0.88,33.19,25.88,0.02
16750,0.27,0.88,33.2,25.89,0.02
16780,0.28,0.88,33.2,25.89,0.02
16840,0.27,0.88,33.2,25.89,0.03
16890,0.21,0.86,33.2,25.89,0.03
17000,0.26,0.87,33.2,25.89,0.02
17280,0.38,0.89,33.2,25.89,0.05
17310,0.34,0.88,33.2,25.89,0.05
17360,0.42,0.89,33.21,25.89,0.07
17380,0.4,0.88,33.21,25.89,0.07
17400,0.42,0.89,33.21,25.89,0.06
17580,0.28,0.88,33.21,25.9,0.02
17600,0.27,0.89,33.21,25.9,0.02
17660,0.35,0.87,33.21,25.9,0.03
17700,0.25,0.88,33.21,25.9,0.03
17760,0.25,0.88,33.21,25.9,0.04
17790,0.3,0.9,33.21,25.9,0.04
17810,0.33,0.9,33.21,25.9,0.04
17920,0.27,0.89,33.21,25.9,0.02
17990,0.27,0.9,33.21,25.9,0.04
18040,0.27,0.9,33.21,25.9,0.03
18070,0.3,0.92,33.21,25.9,0.08
18220,0.26,0.89,33.22,25.9,0.03
18570,0.26,0.9,33.22,25.91,0.02
18600,0.23,0.89,33.22,25.91,0.04
18820,0.34,0.91,33.23,25.91,0.03
18920,0.27,0.89,33.23,25.91,0.02
19180,0.26,0.9,33.23,25.92,0.03
19300,0.32,0.88,33.24,25.92,0.03
19940,0.53,0.93,33.25,25.92,0.04
19960,0.48,0.93,33.25,25.93,0.04
20130,0.47,0.91,33.26,25.93,0.16
20410,0.62,0.94,33.27,25.93,0.12
20480,0.55,0.95,33.27,25.93,0.17
20590,0.49,0.96,33.27,25.94,0.22
20660,0.46,0.96,33.27,25.94,0.14
20670,0.46,0.95,33.27,25.94,0.14
21020,0.45,0.91,33.28,25.94,0.1
21040,0.41,0.91,33.28,25.94,0.1
21180,0.33,0.88,33.28,25.95,0.06
21280,0.35,0.88,33.28,25.95,0.06
21310,0.43,0.89,33.28,25.95,0.06
21630,0.33,0.88,33.29,25.95,0.04
21800,0.53,0.92,33.29,25.96,0.05
21810,0.52,0.92,33.29,25.96,0.05
21840,0.48,0.92,33.3,25.96,0.05
21850,0.54,0.92,33.3,25.96,0.05
21930,0.55,0.95,33.3,25.96,0.13
22010,0.45,0.92,33.3,25.96,0.09
22110,0.45,0.92,33.3,25.96,0.07
22410,0.73,0.94,33.31,25.97,0.11
22710,0.83,0.96,33.33,25.97,0.1
22740,0.81,0.95,33.33,25.97,0.07
24280,0.62,0.96,33.38,26.0,0.07
24370,0.59,0.96,33.38,26.01,0.07
24420,0.54,0.95,33.39,26.01,0.11
24560,0.52,0.93,33.39,26.01,0.12
24720,0.57,0.93,33.39,26.01,0.14
24750,0.63,0.94,33.39,26.01,0.14
26190,0.33,0.89,33.43,26.04,0.06
26230,0.41,0.92,33.43,26.04,0.05
26520,0.3,0.89,33.43,26.05,0.03
26590,0.28,0.89,33.43,26.05,0.03
26630,0.26,0.9,33.43,26.05,0.03
26680,0.27,0.89,33.43,26.05,0.03
26760,0.45,0.93,33.43,26.05,0.03
26840,0.47,0.96,33.44,26.05,0.05
26860,0.47,0.95,33.44,26.05,0.05
27070,0.49,0.96,33.44,26.05,0.04
27240,0.31,0.9,33.44,26.06,0.03
27250,0.32,0.9,33.44,26.06,0.03
27400,0.48,0.9,33.45,26.06,0.03
27420,0.43,0.9,33.45,26.06,0.04
27570,0.36,0.91,33.45,26.06,0.03
27770,0.34,0.89,33.45,26.07,0.03
27870,0.28,0.89,33.45,26.07,0.02
27980,0.29,0.85,33.46,26.07,0.03
28050,0.36,0.88,33.46,26.07,0.06
28130,0.33,0.89,33.46,26.07,0.05
28190,0.25,0.87,33.46,26.07,0.04
28490,0.36,0.89,33.47,26.08,0.06
29630,0.56,0.88,33.49,26.1,0.11
29740,0.54,0.87,33.49,26.1,0.03
29840,0.54,0.89,33.49,26.1,0.06
29870,0.6,0.89,33.49,26.1,0.06
29910,0.56,0.88,33.49,26.1,0.05
29930,0.52,0.87,33.49,26.1,0.05
41050,0.45,0.89,33.68,26.29,0.08
41080,0.43,0.89,33.68,26.29,0.08
41220,0.45,0.9,33.68,26.29,0.07
41250,0.44,0.9,33.68,26.29,0.07
41260,0.45,0.9,33.68,26.29,0.07
41740,0.4,0.88,33.69,26.3,0.08
41930,0.41,0.87,33.69,26.31,0.04
41950,0.43,0.88,33.69,26.31,0.04
42080,0.36,0.86,33.69,26.31,0.06
42130,0.4,0.87,33.7,26.31,0.06
42180,0.39,0.87,33.7,26.31,0.06
42200,0.35,0.87,33.7,26.31,0.06
42220,0.34,0.87,33.7,26.31,0.06
42400,0.37,0.88,33.7,26.31,0.05
42500,0.38,0.88,33.7,26.31,0.04
42670,0.46,0.89,33.7,26.32,0.04
42720,0.41,0.88,33.71,26.32,0.05
42750,0.41,0.88,33.71,26.32,0.05
42880,0.41,0.87,33.71,26.32,0.1
43120,0.44,0.88,33.71,26.33,0.04
43190,0.44,0.88,33.72,26.33,0.11
43210,0.46,0.87,33.72,26.33,0.17
43510,0.48,0.88,33.72,26.34,0.15
43900,0.38,0.91,33.73,26.34,0.06
43920,0.42,0.91,33.73,26.34,0.05
43950,0.4,0.91,33.73,26.34,0.05
44010,0.43,0.92,33.73,26.34,0.1
44130,0.45,0.92,33.73,26.35,0.07
44270,0.37,0.88,33.74,26.35,0.04
44330,0.35,0.88,33.74,26.35,0.04
44400,0.41,0.9,33.74,26.35,0.05
44410,0.45,0.9,33.74,26.35,0.05
44480,0.42,0.9,33.74,26.35,0.04
44500,0.48,0.9,33.74,26.35,0.04
44530,0.46,0.89,33.74,26.35,0.04
44590,0.43,0.89,33.74,26.36,0.05
44700,0.36,0.89,33.74,26.36,0.04
44710,0.4,0.89,33.74,26.36,0.04
44900,0.3,0.87,33.75,26.36,0.08
45070,0.35,0.88,33.75,26.36,0.05
45180,0.3,0.88,33.75,26.37,0.06
45240,0.33,0.88,33.75,26.37,0.06
45470,0.31,0.88,33.76,26.37,0.05
45600,0.46,0.88,33.76,26.37,0.05
45630,0.44,0.88,33.76,26.37,0.05
45950,0.39,0.9,33.76,26.38,0.03
45970,0.42,0.91,33.76,26.38,0.05
46090,0.45,0.92,33.77,26.38,0.03
46170,0.43,0.94,33.77,26.38,0.06
46280,0.42,0.95,33.77,26.38,0.04
46510,0.39,0.92,33.77,26.39,0.05
46530,0.34,0.92,33.77,26.39,0.05
46590,0.31,0.9,33.77,26.39,0.04
46630,0.33,0.9,33.78,26.39,0.05
46760,0.31,0.89,33.78,26.39,0.03
46790,0.33,0.89,33.78,26.39,0.03
46800,0.37,0.89,33.78,26.39,0.03
46820,0.41,0.9,33.78,26.39,0.03
46930,0.37,0.91,33.78,26.39,0.05
47090,0.34,0.91,33.78,26.4,0.04
47140,0.37,0.91,33.78,26.4,0.05
47300,0.38,0.92,33.79,26.4,0.05
47310,0.38,0.93,33.79,26.4,0.05
47390,0.39,0.94,33.79,26.4,0.04
47490,0.54,0.94,33.79,26.4,0.04
47660,0.39,0.95,33.79,26.41,0.05
47740,0.41,0.97,33.79,26.41,0.09
47790,0.43,0.96,33.8,26.41,0.05
47840,0.37,0.96,33.8,26.41,0.07
47900,0.39,0.94,33.8,26.41,0.06
48000,0.48,0.96,33.8,26.41,0.06
48020,0.4,0.92,33.8,26.41,0.06
48070,0.39,0.91,33.8,26.41,0.14
48560,0.37,0.89,33.81,26.42,0.06
48610,0.54,0.9,33.81,26.42,0.05
48790,0.39,0.9,33.81,26.43,0.05
48840,0.35,0.9,33.81,26.43,0.06
48850,0.38,0.9,33.81,26.43,0.06
49030,0.34,0.89,33.82,26.43,0.06
49080,0.35,0.89,33.82,26.43,0.04
49140,0.34,0.89,33.82,26.43,0.06
49150,0.35,0.89,33.82,26.43,0.06
49280,0.51,0.9,33.82,26.44,0.05
49340,0.55,0.9,33.82,26.44,0.05
49560,0.35,0.88,33.83,26.44,0.04
49580,0.31,0.88,33.83,26.44,0.04
49830,0.43,0.93,33.83,26.44,0.04
49850,0.48,0.94,33.83,26.44,0.04
50130,0.31,0.91,33.84,26.45,0.03
50140,0.32,0.9,33.84,26.45,0.03
50190,0.32,0.9,33.84,26.45,0.04
50250,0.3,0.9,33.84,26.45,0.04
50330,0.36,0.88,33.84,26.45,0.05
50340,0.36,0.88,33.84,26.45,0.05
50480,0.37,0.89,33.84,26.45,0.07
50750,0.39,0.9,33.85,26.46,0.1
50860,0.41,0.9,33.85,26.46,0.04
51000,0.34,0.89,33.85,26.47,0.05
51370,0.41,0.88,33.86,26.47,0.05
51500,0.41,0.88,33.86,26.47,0.04
51640,0.35,0.88,33.86,26.48,0.05
51680,0.32,0.87,33.86,26.48,0.04
51690,0.34,0.87,33.86,26.48,0.04
51970,0.33,0.88,33.87,26.48,0.04
51980,0.31,0.88,33.87,26.48,0.04
52020,0.32,0.88,33.87,26.48,0.04
52090,0.31,0.87,33.87,26.48,0.05
52150,0.37,0.88,33.87,26.48,0.03
52220,0.32,0.89,33.88,26.48,0.05
52340,0.41,0.91,33.88,26.49,0.07
52410,0.54,0.92,33.88,26.49,0.05
52480,0.45,0.92,33.88,26.49,0.05
52680,0.44,0.92,33.88,26.49,0.04
52720,0.46,0.93,33.89,26.49,0.04
52760,0.42,0.92,33.89,26.49,0.11
52800,0.44,0.9,33.89,26.49,0.06
52830,0.37,0.9,33.89,26.49,0.06
52840,0.43,0.91,33.89,26.49,0.06
53300,0.42,0.9,33.9,26.5,0.05
53560,0.37,0.9,33.9,26.51,0.06
53640,0.3,0.9,33.9,26.51,0.05
53670,0.29,0.9,33.9,26.51,0.05
53800,0.37,0.91,33.91,26.51,0.18
53870,0.32,0.91,33.91,26.51,0.09
53960,0.34,0.91,33.91,26.51,0.05
54070,0.36,0.91,33.91,26.52,0.05
54140,0.47,0.92,33.91,26.52,0.04
54170,0.44,0.92,33.91,26.52,0.04
54390,0.42,0.94,33.92,26.52,0.04
54430,0.41,0.93,33.92,26.52,0.06
54580,0.35,0.92,33.92,26.52,0.11
54670,0.32,0.92,33.92,26.52,0.11
54680,0.31,0.92,33.92,26.53,0.11
54720,0.32,0.91,33.92,26.53,0.05
54820,0.35,0.93,33.92,26.53,0.04
54840,0.35,0.93,33.92,26.53,0.07
54850,0.37,0.93,33.92,26.53,0.07
54990,0.38,0.91,33.92,26.53,0.09
55020,0.3,0.9,33.93,26.53,0.06
55110,0.29,0.9,33.93,26.53,0.04
55150,0.46,0.91,33.93,26.53,0.04
55270,0.42,0.92,33.93,26.53,0.07
55350,0.38,0.92,33.93,26.53,0.07
55500,0.37,0.93,33.93,26.54,0.07
55540,0.37,0.93,33.93,26.54,0.07
55590,0.38,0.94,33.94,26.54,0.07
55650,0.38,0.94,33.94,26.54,0.04
55790,0.41,0.94,33.94,26.54,0.09
55910,0.33,0.94,33.94,26.55,0.06
55990,0.33,0.93,33.94,26.55,0.05
56000,0.33,0.94,33.94,26.55,0.05
56020,0.34,0.94,33.94,26.55,0.05
56060,0.36,0.95,33.94,26.55,0.05
56080,0.34,0.94,33.94,26.55,0.05
56100,0.35,0.94,33.94,26.55,0.06
56180,0.33,0.92,33.95,26.55,0.05
56210,0.34,0.91,33.95,26.55,0.05
56280,0.36,0.92,33.95,26.55,0.07
56380,0.39,0.9,33.95,26.55,0.07
56490,0.37,0.92,33.95,26.55,0.06
56520,0.39,0.92,33.95,26.56,0.07
56550,0.42,0.94,33.95,26.56,0.07
56660,0.37,0.91,33.95,26.56,0.05
56670,0.33,0.91,33.95,26.56,0.05
56730,0.41,0.92,33.96,26.56,0.07
56780,0.42,0.92,33.96,26.56,0.07
56820,0.36,0.92,33.96,26.56,0.07
56910,0.41,0.92,33.96,26.56,0.07
64800,0.38,0.97,34.1,26.69,0.03
64860,0.39,0.98,34.1,26.69,0.09
65050,0.37,0.96,34.11,26.69,0.05
65070,0.32,0.96,34.11,26.69,0.05
65110,0.41,0.94,34.11,26.69,0.06
65120,0.39,0.94,34.11,26.7,0.06
65240,0.45,0.94,34.11,26.7,0.07
65550,0.41,0.94,34.12,26.7,0.05
65620,0.38,0.95,34.12,26.7,0.07
65750,0.38,0.95,34.12,26.71,0.06
65820,0.38,0.95,34.12,26.71,0.22
65880,0.41,0.95,34.13,26.71,0.04
65960,0.47,0.97,34.13,26.71,0.06
66010,0.38,0.97,34.13,26.71,0.08
66080,0.41,0.93,34.13,26.71,0.06
66280,0.34,0.93,34.13,26.71,0.04
66330,0.35,0.93,34.13,26.72,0.04
66390,0.32,0.93,34.14,26.72,0.05
66480,0.34,0.94,34.14,26.72,0.04
66600,0.31,0.94,34.14,26.72,0.04
66840,0.3,0.91,34.14,26.72,0.07
66940,0.36,0.92,34.14,26.73,0.07
67080,0.31,0.91,34.15,26.73,0.05
67200,0.31,0.92,34.15,26.73,0.05
67230,0.35,0.92,34.15,26.73,0.05
67350,0.26,0.9,34.15,26.73,0.07
67500,0.27,0.91,34.15,26.73,0.07
67680,0.21,0.9,34.16,26.74,0.04
67690,0.25,0.91,34.16,26.74,0.04
67700,0.26,0.91,34.16,26.74,0.04
68070,0.27,0.92,34.16,26.74,0.09
68100,0.32,0.93,34.16,26.74,0.05
68430,0.28,0.92,34.17,26.75,0.03
68580,0.24,0.91,34.17,26.75,0.1
68620,0.38,0.91,34.17,26.75,0.1
68650,0.56,0.93,34.17,26.75,0.14
68880,0.42,0.94,34.17,26.76,0.12
68940,0.41,0.94,34.18,26.76,0.13
69140,0.31,0.95,34.18,26.76,0.05
69150,0.27,0.95,34.18,26.76,0.05
69230,0.3,0.95,34.18,26.76,0.07
69240,0.31,0.95,34.18,26.76,0.03
69320,0.36,0.97,34.18,26.76,0.05
69330,0.43,0.97,34.18,26.76,0.05
69450,0.34,0.96,34.18,26.76,0.03
69470,0.32,0.97,34.18,26.76,0.03
69600,0.3,0.93,34.19,26.76,0.05
69690,0.32,0.93,34.19,26.77,0.07
69770,0.34,0.93,34.19,26.77,0.04
69930,0.31,0.94,34.19,26.77,0.04
70020,0.26,0.94,34.19,26.77,0.03
70160,0.26,0.91,34.19,26.77,0.04
70190,0.25,0.92,34.19,26.77,0.04
70260,0.26,0.91,34.2,26.77,0.03
70280,0.26,0.91,34.2,26.77,0.03
70470,0.38,0.92,34.2,26.78,0.04
70600,0.33,0.92,34.2,26.78,0.04
70660,0.27,0.91,34.2,26.78,0.05
70740,0.29,0.92,34.2,26.78,0.06
70770,0.3,0.92,34.2,26.78,0.06
70890,0.28,0.92,34.21,26.78,0.09
70910,0.3,0.93,34.21,26.78,0.09
70960,0.33,0.93,34.21,26.78,0.06
70990,0.31,0.92,34.21,26.78,0.05
71040,0.3,0.93,34.21,26.78,0.04
71090,0.29,0.93,34.21,26.79,0.04
71350,0.3,0.92,34.21,26.79,0.03
71360,0.3,0.92,34.21,26.79,0.03
71390,0.24,0.91,34.21,26.79,0.03
71460,0.28,0.91,34.21,26.79,0.05
71480,0.25,0.91,34.21,26.79,0.05
71500,0.31,0.91,34.22,26.79,0.05
71520,0.3,0.91,34.22,26.79,0.04
71530,0.33,0.91,34.22,26.79,0.04
71580,0.34,0.91,34.22,26.79,0.05
71620,0.23,0.91,34.22,26.79,0.05
71640,0.25,0.91,34.22,26.79,0.03
71670,0.29,0.92,34.22,26.79,0.03
71780,0.37,0.94,34.22,26.79,0.04
71850,0.36,0.94,34.22,26.79,0.04
71900,0.29,0.93,34.22,26.8,0.03
72050,0.42,0.94,34.22,26.8,0.04
72060,0.39,0.94,34.22,26.8,0.04
72080,0.3,0.93,34.22,26.8,0.04
72140,0.26,0.92,34.23,26.8,0.04
72570,0.3,0.94,34.23,26.81,0.04
72820,0.33,0.95,34.24,26.81,0.04
72960,0.34,0.94,34.24,26.81,0.05
72970,0.34,0.94,34.24,26.81,0.05
73170,0.35,0.94,34.25,26.81,0.04
73260,0.27,0.93,34.25,26.81,0.08
73270,0.34,0.93,34.25,26.81,0.08
73280,0.3,0.93,34.25,26.81,0.08
73350,0.31,0.94,34.25,26.82,0.05
73420,0.33,0.94,34.25,26.82,0.04
73480,0.36,0.94,34.25,26.82,0.05
73530,0.28,0.93,34.25,26.82,0.04
73600,0.3,0.95,34.25,26.82,0.06
73630,0.35,0.95,34.25,26.82,0.04
73660,0.31,0.95,34.25,26.82,0.04
73770,0.31,0.94,34.26,26.82,0.04
73840,0.34,0.94,34.26,26.82,0.04
73850,0.42,0.95,34.26,26.82,0.04
73880,0.37,0.95,34.26,26.82,0.03
73970,0.35,0.94,34.26,26.82,0.04
74020,0.31,0.94,34.26,26.82,0.07
74270,0.33,0.94,34.27,26.83,0.06
74290,0.31,0.93,34.27,26.83,0.04
74300,0.3,0.94,34.27,26.83,0.04
74390,0.33,0.94,34.27,26.83,0.06
74450,0.34,0.95,34.27,26.83,0.1
74540,0.3,0.94,34.27,26.83,0.05
74550,0.3,0.94,34.27,26.83,0.05
74740,0.32,0.95,34.27,26.83,0.05
75210,0.39,0.96,34.28,26.84,0.07
75270,0.4,0.97,34.28,26.84,0.05
75330,0.37,0.96,34.28,26.84,0.06
75470,0.36,0.93,34.29,26.84,0.03
75620,0.31,0.91,34.29,26.85,0.05
75660,0.29,0.91,34.29,26.85,0.04
75700,0.33,0.91,34.29,26.85,0.04
75930,0.38,0.94,34.29,26.85,0.06
75950,0.4,0.93,34.29,26.85,0.06
76030,0.39,0.93,34.3,26.85,0.05
76040,0.36,0.93,34.3,26.85,0.05
76050,0.36,0.93,34.3,26.85,0.05
76080,0.32,0.91,34.3,26.85,0.04
76190,0.31,0.92,34.3,26.86,0.05
76290,0.3,0.91,34.3,26.86,0.04
76320,0.3,0.91,34.3,26.86,0.04
76410,0.38,0.92,34.3,26.86,0.04
76470,0.31,0.91,34.3,26.86,0.04
76530,0.38,0.92,34.3,26.86,0.04
76540,0.35,0.92,34.3,26.86,0.04
76660,0.53,0.93,34.31,26.86,0.05
78390,0.26,0.9,34.34,26.89,0.05
78640,0.4,0.94,34.34,26.89,0.03
78690,0.31,0.93,34.34,26.89,0.03
78700,0.3,0.93,34.34,26.89,0.03
78930,0.39,0.92,34.34,26.89,0.03
79100,0.25,0.9,34.35,26.9,0.03
79140,0.28,0.91,34.35,26.9,0.03
79180,0.27,0.9,34.35,26.9,0.03
79190,0.24,0.9,34.35,26.9,0.03
79450,0.53,0.91,34.35,26.9,0.07
79460,0.51,0.91,34.35,26.9,0.07
79590,0.51,0.92,34.36,26.9,0.04
79750,0.36,0.93,34.36,26.9,0.05
79890,0.26,0.91,34.36,26.91,0.04
80000,0.27,0.93,34.36,26.91,0.03
80020,0.28,0.93,34.36,26.91,0.03
95700,0.42,0.19,0.0,0.0,0.04
95780,0.42,0.19,0.0,0.0,0.02
95840,0.42,0.19,0.0,0.0,0.05
95860,0.42,0.19,0.0,0.0,0.05
95930,0.42,0.19,0.0,0.0,0.05
95980,0.42,0.19,0.0,0.0,0.03
96140,0.42,0.19,0.0,0.0,0.03
96160,0.42,0.19,0.0,0.0,0.03
96190,0.42,0.19,0.0,0.0,0.03
96210,0.42,0.19,0.0,0.0,0.03
102060,0.24,0.26,0.15,0.07,0.09
102090,0.2,0.27,0.15,0.07,0.09
102160,0.24,0.29,0.15,0.08,0.05
102220,0.27,0.28,0.15,0.08,0.04
102240,0.29,0.28,0.15,0.08,0.05
102390,0.24,0.28,0.16,0.08,0.04
102400,0.24,0.28,0.16,0.08,0.04
102690,0.38,0.3,0.16,0.08,0.07
102790,0.28,0.28,0.17,0.08,0.07
102890,0.28,0.3,0.17,0.08,0.05
102920,0.26,0.29,0.17,0.08,0.06
102940,0.33,0.31,0.17,0.08,0.06
102990,0.44,0.29,0.17,0.09,0.04
103030,0.33,0.29,0.17,0.09,0.04
103090,0.28,0.27,0.17,0.09,0.06
103160,0.29,0.26,0.17,0.09,0.06
103210,0.32,0.27,0.17,0.09,0.06
103320,0.3,0.28,0.18,0.09,0.04
103390,0.3,0.27,0.18,0.09,0.04
103430,0.33,0.27,0.18,0.09,0.04
103440,0.27,0.27,0.18,0.09,0.09
103680,0.39,0.3,0.19,0.09,0.07
103690,0.43,0.31,0.19,0.09,0.07
103770,0.44,0.32,0.19,0.1,0.12
103920,0.28,0.35,0.19,0.1,0.04
104040,0.25,0.34,0.19,0.1,0.04
104170,0.33,0.29,0.2,0.1,0.11
104180,0.32,0.3,0.2,0.1,0.11
104280,0.25,0.29,0.2,0.1,0.05
104470,0.37,0.31,0.2,0.1,0.29
104640,0.58,0.34,0.2,0.1,0.16
104940,0.56,0.42,0.21,0.11,0.1
105220,0.57,0.4,0.21,0.11,0.08
105330,0.52,0.41,0.22,0.11,0.1
105360,0.5,0.41,0.22,0.11,0.06
105540,0.46,0.22,0.22,0.11,0.1
105550,0.45,0.22,0.22,0.11,0.1
105660,0.39,0.22,0.22,0.11,0.07
105730,0.41,0.21,0.23,0.11,0.08
105870,0.27,0.22,0.23,0.12,0.05
106010,0.3,0.22,0.23,0.12,0.09
106070,0.38,0.23,0.23,0.12,0.05
106130,0.34,0.22,0.23,0.12,0.05
106540,0.47,0.24,0.25,0.12,0.11
106660,0.37,0.23,0.25,0.12,0.12
106930,0.55,0.29,0.26,0.13,0.23
106960,0.45,0.29,0.26,0.13,0.23
107030,0.43,0.24,0.26,0.13,0.16
107080,0.41,0.22,0.26,0.13,0.11
107190,0.56,0.31,0.26,0.13,0.12
107200,0.54,0.31,0.26,0.13,0.12
107630,0.54,0.34,0.27,0.14,0.1
109460,0.45,0.28,0.34,0.17,0.05
109550,0.84,0.27,0.34,0.17,0.04
109620,0.87,0.28,0.34,0.17,0.05
109710,0.55,0.3,0.35,0.17,0.05
109810,0.52,0.28,0.35,0.17,0.08
110080,0.67,0.3,0.36,0.17,0.07
110140,0.66,0.3,0.36,0.17,0.03
110200,0.68,0.29,0.36,0.18,0.03
110260,0.51,0.3,0.36,0.18,0.09
110310,0.5,0.28,0.36,0.18,0.1
110590,0.39,0.3,0.37,0.18,0.07
110690,0.41,0.28,0.37,0.18,0.07
110770,0.5,0.27,0.37,0.18,0.11
110800,0.56,0.29,0.37,0.18,0.11
110850,0.57,0.3,0.38,0.18,0.08
110900,0.48,0.31,0.38,0.18,0.07
110950,0.52,0.29,0.38,0.19,0.07
111040,0.51,0.32,0.38,0.19,0.14
111120,0.52,0.34,0.38,0.19,0.11
111240,0.51,0.35,0.39,0.19,0.1
111450,0.54,0.3,0.39,0.19,0.21
111460,0.53,0.31,0.39,0.19,0.21
111860,0.5,0.35,0.4,0.2,0.1
111930,0.44,0.35,0.4,0.2,0.16
112090,0.38,0.35,0.41,0.2,0.07
112140,0.37,0.35,0.41,0.2,0.09
112220,0.37,0.34,0.41,0.2,0.12
112310,0.4,0.3,0.41,0.2,0.1
112400,0.61,0.31,0.41,0.21,0.1
112730,0.44,0.31,0.42,0.21,0.19
113000,0.29,0.3,0.43,0.22,0.06
113080,0.24,0.27,0.43,0.22,0.06
113220,0.23,0.26,0.43,0.22,0.13
113490,0.23,0.26,0.43,0.22,0.09
113550,0.34,0.29,0.43,0.22,0.07
113610,0.41,0.3,0.44,0.23,0.09
113620,0.4,0.31,0.44,0.23,0.09
113630,0.38,0.31,0.44,0.23,0.09
113940,0.41,0.38,0.44,0.23,0.02
114270,0.39,0.33,0.45,0.24,0.06
114380,0.29,0.27,0.45,0.24,0.15
114490,0.22,0.25,0.46,0.24,0.11
114500,0.23,0.26,0.46,0.24,0.11
114520,0.34,0.26,0.46,0.24,0.11
114770,0.27,0.26,0.46,0.24,0.2
114790,0.34,0.28,0.46,0.25,0.15
114930,0.35,0.29,0.46,0.25,0.12
114970,0.28,0.29,0.47,0.25,0.09
128400,0.41,0.38,0.71,0.44,0.04
128520,0.34,0.38,0.71,0.45,0.04
128600,0.3,0.37,0.71,0.45,0.02
128780,0.42,0.4,0.71,0.45,0.14
128940,0.37,0.37,0.72,0.45,0.06
129020,0.37,0.38,0.72,0.46,0.1
129030,0.37,0.39,0.72,0.46,0.1
129200,0.26,0.37,0.72,0.46,0.1
129260,0.33,0.38,0.72,0.46,0.08
129290,0.53,0.36,0.72,0.46,0.08
129380,0.54,0.37,0.72,0.46,0.06
129410,0.47,0.38,0.72,0.46,0.06
129460,0.53,0.37,0.72,0.46,0.12
129480,0.52,0.37,0.72,0.46,0.12
129630,0.31,0.39,0.73,0.47,0.05
129660,0.48,0.42,0.73,0.47,0.09
129710,0.3,0.38,0.73,0.47,0.09
129770,0.29,0.39,0.73,0.47,0.31
129830,0.37,0.4,0.73,0.47,0.23
129880,0.3,0.4,0.73,0.47,0.06
129960,0.28,0.4,0.73,0.47,0.06
130030,0.32,0.4,0.73,0.47,0.03
130070,0.32,0.42,0.73,0.47,0.03
130160,0.33,0.39,0.73,0.47,0.03
130280,0.31,0.39,0.74,0.47,0.03
130300,0.28,0.39,0.74,0.48,0.03
130530,0.31,0.38,0.74,0.48,0.03
130770,0.31,0.39,0.74,0.48,0.04
130980,0.25,0.37,0.74,0.48,0.04
131100,0.29,0.37,0.75,0.49,0.04
131160,0.32,0.38,0.75,0.49,0.06
131190,0.27,0.39,0.75,0.49,0.06
131260,0.28,0.39,0.75,0.49,0.03
131280,0.27,0.39,0.75,0.49,0.08
131290,0.3,0.39,0.75,0.49,0.08
131440,0.32,0.41,0.75,0.49,0.05
131490,0.32,0.41,0.75,0.49,0.02
131550,0.27,0.39,0.75,0.49,0.05
131830,0.29,0.41,0.76,0.5,0.03
131890,0.27,0.4,0.76,0.5,0.03
132020,0.39,0.42,0.76,0.5,0.03
132040,0.3,0.41,0.76,0.5,0.03
132090,0.24,0.4,0.76,0.5,0.06
132230,0.24,0.4,0.76,0.5,0.02
132290,0.22,0.4,0.76,0.5,0.02
132470,0.31,0.41,0.76,0.5,0.06
132520,0.33,0.43,0.77,0.5,0.06
132550,0.32,0.43,0.77,0.5,0.06
132610,0.31,0.41,0.77,0.5,0.07
132780,0.21,0.38,0.77,0.51,0.08
132840,0.26,0.41,0.77,0.51,0.06
132890,0.22,0.4,0.77,0.51,0.06
132940,0.24,0.4,0.77,0.51,0.04
133020,0.25,0.41,0.77,0.51,0.08
133030,0.3,0.41,0.77,0.51,0.08
133050,0.28,0.42,0.77,0.51,0.08
133250,0.2,0.4,0.77,0.51,0.03
133280,0.22,0.4,0.77,0.51,0.06
133410,0.23,0.38,0.78,0.51,0.03
133820,0.37,0.43,0.78,0.52,0.03
134100,0.26,0.42,0.79,0.52,0.05
134320,0.29,0.44,0.79,0.52,0.06
134350,0.25,0.43,0.79,0.52,0.06
134400,0.27,0.43,0.79,0.52,0.05
134700,0.26,0.42,0.79,0.52,0.03
134770,0.25,0.43,0.79,0.52,0.03
134800,0.25,0.41,0.8,0.52,0.03
135060,0.24,0.4,0.8,0.52,0.03
135130,0.18,0.39,0.8,0.53,0.04
135280,0.22,0.41,0.8,0.53,0.02
135380,0.39,0.43,0.8,0.53,0.04
135420,0.37,0.43,0.8,0.53,0.04
135600,0.35,0.43,0.8,0.53,0.02
135610,0.38,0.43,0.81,0.53,0.02
135710,0.25,0.43,0.81,0.53,0.03
135760,0.28,0.42,0.81,0.53,0.03
135860,0.33,0.43,0.81,0.53,0.03
135910,0.26,0.44,0.81,0.53,0.03
135970,0.26,0.43,0.81,0.53,0.03
136150,0.23,0.44,0.81,0.54,0.05
136180,0.3,0.45,0.81,0.54,0.05
136260,0.22,0.43,0.81,0.54,0.06
136270,0.23,0.44,0.81,0.54,0.06
136460,0.23,0.44,0.82,0.54,0.03
136500,0.24,0.44,0.82,0.54,0.03
136630,0.38,0.45,0.82,0.54,0.03
136730,0.28,0.45,0.82,0.54,0.03
137170,0.29,0.43,0.83,0.55,0.05
137390,0.22,0.34,0.83,0.55,0.04
137480,0.29,0.38,0.83,0.55,0.15
137530,0.23,0.38,0.84,0.55,0.13
137640,0.45,0.38,0.84,0.55,0.08
137690,0.33,0.38,0.84,0.55,0.08
137950,0.4,0.41,0.84,0.56,0.03
137960,0.42,0.41,0.84,0.56,0.03
138090,0.27,0.42,0.85,0.56,0.04
138120,0.32,0.43,0.85,0.56,0.03
138340,0.26,0.39,0.85,0.56,0.08
138850,0.3,0.39,0.86,0.57,0.06
139030,0.26,0.37,0.86,0.57,0.05
139090,0.29,0.38,0.86,0.57,0.07
139110,0.25,0.38,0.86,0.57,0.07
139120,0.25,0.38,0.86,0.57,0.07
139160,0.23,0.37,0.86,0.57,0.04
139180,0.27,0.38,0.86,0.57,0.04
139330,0.25,0.38,0.87,0.57,0.06
139360,0.21,0.37,0.87,0.57,0.06
139440,0.34,0.39,0.87,0.57,0.14
139550,0.26,0.39,0.87,0.57,0.11
139560,0.27,0.39,0.87,0.57,0.09
139970,0.3,0.39,0.88,0.58,0.1
140110,0.29,0.4,0.88,0.58,0.07
140140,0.23,0.39,0.88,0.58,0.07
140340,0.22,0.39,0.88,0.58,0.04
140350,0.22,0.39,0.88,0.58,0.04
140470,0.43,0.38,0.88,0.58,0.03
140550,0.42,0.38,0.88,0.58,0.04
140590,0.52,0.4,0.88,0.58,0.03
141300,0.25,0.42,0.89,0.59,0.16
141450,0.24,0.45,0.9,0.59,0.04
141510,0.21,0.45,0.9,0.59,0.04
160700,0.29,0.49,1.24,0.82,0.12
160780,0.22,0.47,1.24,0.82,0.04
160850,0.21,0.47,1.24,0.82,0.03
160920,0.24,0.49,1.24,0.82,0.04
160930,0.26,0.49,1.24,0.82,0.04
160970,0.33,0.49,1.24,0.82,0.04
161010,0.37,0.49,1.24,0.82,0.03
161630,0.33,0.47,1.25,0.83,0.06
161640,0.3,0.46,1.25,0.83,0.04
161660,0.3,0.47,1.25,0.83,0.04
161810,0.22,0.42,1.25,0.83,0.03
161880,0.18,0.41,1.25,0.83,0.03
161910,0.18,0.41,1.25,0.83,0.03
161990,0.27,0.45,1.26,0.83,0.02
162080,0.39,0.45,1.26,0.83,0.15
162160,0.48,0.47,1.26,0.83,0.15
162310,0.28,0.43,1.26,0.84,0.03
162370,0.26,0.43,1.26,0.84,0.04
162400,0.28,0.44,1.26,0.84,0.04
162460,0.29,0.44,1.26,0.84,0.06
162470,0.28,0.44,1.26,0.84,0.06
162510,0.3,0.44,1.26,0.84,0.1
162780,0.2,0.43,1.27,0.84,0.07
162820,0.23,0.43,1.27,0.84,0.07
162840,0.29,0.44,1.27,0.84,0.05
163050,0.45,0.46,1.27,0.84,0.11
163080,0.49,0.47,1.28,0.84,0.08
163090,0.53,0.48,1.28,0.84,0.08
163230,0.23,0.45,1.28,0.85,0.07
163440,0.26,0.46,1.28,0.85,0.08
163480,0.25,0.45,1.28,0.85,0.08
163490,0.25,0.45,1.28,0.85,0.08
163540,0.22,0.45,1.28,0.85,0.05
163600,0.19,0.44,1.28,0.85,0.05
163650,0.28,0.45,1.28,0.85,0.1
163660,0.25,0.44,1.28,0.85,0.1
163680,0.29,0.44,1.28,0.85,0.15
163820,0.18,0.45,1.29,0.85,0.14
164050,0.19,0.43,1.29,0.85,0.04
164090,0.15,0.43,1.29,0.85,0.04
164440,0.23,0.45,1.29,0.86,0.02
164640,0.12,0.45,1.3,0.86,0.03
164680,0.15,0.46,1.3,0.86,0.03
164740,0.18,0.45,1.3,0.86,0.02
164830,0.16,0.45,1.3,0.87,0.02
164890,0.15,0.44,1.3,0.87,0.05
165040,0.17,0.45,1.31,0.88,0.02
165060,0.14,0.45,1.31,0.88,0.01
165160,0.11,0.44,1.31,0.88,0.01
165270,0.13,0.45,1.31,0.89,0.02
165300,0.15,0.45,1.31,0.89,0.01
165330,0.13,0.44,1.31,0.89,0.01
165530,0.13,0.45,1.32,0.9,0.02
165570,0.14,0.45,1.32,0.9,0.01
165700,0.23,0.46,1.32,0.9,0.02
165790,0.18,0.46,1.33,0.91,0.03
165870,0.11,0.45,1.33,0.91,0.02
166110,0.13,0.46,1.33,0.92,0.02
166150,0.25,0.47,1.34,0.92,0.01
166220,0.18,0.47,1.34,0.93,0.02
166340,0.11,0.46,1.34,0.93,0.02
166350,0.12,0.46,1.34,0.93,0.02
166450,0.13,0.45,1.34,0.94,0.02
166740,0.16,0.47,1.35,0.95,0.01
166770,0.19,0.47,1.35,0.95,0.01
166830,0.17,0.47,1.35,0.95,0.02
166900,0.15,0.47,1.35,0.96,0.02
166920,0.17,0.47,1.35,0.96,0.02
166930,0.18,0.47,1.36,0.96,0.02
167100,0.16,0.47,1.36,0.96,0.02
167240,0.14,0.48,1.36,0.97,0.02
167350,0.13,0.46,1.37,0.98,0.01
167360,0.13,0.46,1.37,0.98,0.01
167400,0.14,0.46,1.37,0.98,0.01
167480,0.19,0.48,1.37,0.98,0.02
167510,0.18,0.49,1.37,0.98,0.02
167610,0.16,0.48,1.37,0.99,0.01
167640,0.25,0.48,1.37,0.99,0.02
167700,0.16,0.46,1.37,0.99,0.02
167920,0.16,0.46,1.38,0.99,0.02
168000,0.2,0.48,1.38,1.0,0.04
168060,0.3,0.49,1.38,1.0,0.04
168090,0.27,0.49,1.38,1.0,0.04
168100,0.3,0.5,1.38,1.0,0.04
168250,0.22,0.48,1.38,1.0,0.02
168270,0.21,0.48,1.38,1.0,0.02
168280,0.2,0.48,1.38,1.0,0.02
168380,0.18,0.46,1.39,1.0,0.05
168410,0.21,0.46,1.39,1.0,0.05
168440,0.23,0.46,1.39,1.0,0.02
168500,0.21,0.47,1.39,1.0,0.02
168510,0.2,0.47,1.39,1.0,0.02
168540,0.2,0.47,1.39,1.0,0.05
168590,0.25,0.48,1.39,1.0,0.05
168640,0.24,0.47,1.39,1.01,0.06
168720,0.17,0.47,1.39,1.01,0.02
168730,0.18,0.47,1.39,1.01,0.02
168930,0.18,0.46,1.39,1.01,0.02
169120,0.14,0.46,1.4,1.01,0.03
169150,0.15,0.45,1.4,1.01,0.03
169220,0.16,0.45,1.4,1.01,0.02
169300,0.21,0.47,1.4,1.02,0.03
169330,0.19,0.47,1.4,1.02,0.05
169340,0.24,0.47,1.4,1.02,0.05
169400,0.27,0.48,1.4,1.02,0.03
169460,0.26,0.48,1.4,1.02,0.03
169580,0.4,0.5,1.41,1.02,0.04
169610,0.44,0.5,1.41,1.02,0.04
169650,0.36,0.5,1.41,1.02,0.04
169670,0.27,0.5,1.41,1.02,0.04
169680,0.23,0.49,1.41,1.02,0.04
169700,0.29,0.49,1.41,1.02,0.04
169720,0.33,0.49,1.41,1.02,0.04
169910,0.25,0.48,1.41,1.02,0.02
169990,0.22,0.49,1.41,1.03,0.02
170160,0.24,0.51,1.41,1.03,0.02
170190,0.27,0.51,1.41,1.03,0.02
170270,0.24,0.5,1.42,1.03,0.02
170290,0.38,0.51,1.42,1.03,0.03
170300,0.37,0.5,1.42,1.03,0.03
170600,0.3,0.46,1.42,1.03,0.04
170760,0.3,0.47,1.42,1.03,0.03
170780,0.28,0.46,1.42,1.03,0.03
170890,0.24,0.46,1.42,1.03,0.04
171100,0.33,0.49,1.43,1.03,0.03
171200,0.22,0.47,1.43,1.04,0.03
171240,0.24,0.48,1.43,1.04,0.04
171250,0.26,0.48,1.43,1.04,0.04
171390,0.19,0.46,1.43,1.04,0.03
171420,0.15,0.45,1.43,1.04,0.03
171430,0.17,0.46,1.43,1.04,0.03
171460,0.22,0.45,1.43,1.04,0.03
171510,0.16,0.45,1.43,1.04,0.03
171530,0.2,0.46,1.43,1.04,0.03
171560,0.22,0.46,1.43,1.04,0.04
171810,0.2,0.47,1.43,1.04,0.04
171820,0.2,0.47,1.43,1.04,0.04
171990,0.22,0.48,1.44,1.04,0.02
172030,0.29,0.48,1.44,1.04,0.02
172120,0.22,0.48,1.44,1.04,0.03
172220,0.2,0.48,1.44,1.05,0.03
172390,0.2,0.47,1.44,1.05,0.02
172400,0.18,0.48,1.44,1.05,0.02
172490,0.21,0.48,1.44,1.05,0.02
172580,0.19,0.49,1.44,1.05,0.03
172670,0.18,0.49,1.44,1.05,0.01
172750,0.21,0.49,1.44,1.05,0.02
172760,0.2,0.49,1.44,1.05,0.02
172890,0.31,0.5,1.45,1.05,0.02
172990,0.33,0.49,1.45,1.05,0.04
173090,0.27,0.48,1.45,1.05,0.04
173140,0.3,0.49,1.45,1.05,0.06
173200,0.39,0.51,1.45,1.05,0.02
173210,0.4,0.51,1.45,1.05,0.02
173220,0.45,0.5,1.45,1.06,0.05
173290,0.48,0.52,1.45,1.06,0.03
173410,0.44,0.5,1.46,1.06,0.02
173620,0.32,0.42,1.47,1.07,0.11
173630,0.31,0.37,1.47,1.07,0.11
173840,0.39,0.38,1.47,1.07,0.06
174020,0.53,0.37,1.48,1.08,0.07
174130,0.43,0.38,1.48,1.08,0.05
174180,0.4,0.4,1.48,1.08,0.03
174250,0.29,0.36,1.48,1.08,0.03
174420,0.32,0.4,1.49,1.08,0.04
174440,0.36,0.41,1.49,1.08,0.04
174470,0.34,0.39,1.49,1.08,0.04
174610,0.46,0.39,1.49,1.09,0.04
174850,0.46,0.4,1.5,1.09,0.07
175080,0.39,0.34,1.5,1.09,0.05
175130,0.34,0.33,1.5,1.09,0.05
175160,0.33,0.33,1.5,1.09,0.04
175270,0.32,0.34,1.5,1.1,0.03
175280,0.31,0.34,1.5,1.1,0.03
175650,0.27,0.35,1.51,1.1,0.04
175720,0.28,0.35,1.51,1.1,0.02
175870,0.27,0.35,1.51,1.1,0.03
176200,0.19,0.33,1.52,1.1,0.03
176260,0.23,0.34,1.52,1.11,0.02
176400,0.21,0.36,1.52,1.11,0.02
176460,0.31,0.39,1.52,1.11,0.03
176500,0.32,0.41,1.52,1.11,0.03
176510,0.3,0.41,1.52,1.11,0.03
176550,0.35,0.44,1.52,1.11,0.04
176590,0.38,0.43,1.52,1.11,0.05
176610,0.39,0.43,1.52,1.11,0.05
176690,0.31,0.43,1.52,1.11,0.03
176750,0.32,0.43,1.53,1.11,0.03
176760,0.33,0.43,1.53,1.11,0.03
176790,0.3,0.42,1.53,1.11,0.03
176880,0.28,0.41,1.53,1.11,0.02
177050,0.28,0.39,1.53,1.11,0.01
177210,0.25,0.37,1.53,1.11,0.02
177250,0.27,0.36,1.53,1.11,0.03
177260,0.31,0.37,1.53,1.11,0.03
177380,0.3,0.38,1.54,1.12,0.03
177440,0.31,0.37,1.54,1.12,0.02
177500,0.32,0.39,1.54,1.12,0.03
177710,0.43,0.43,1.54,1.12,0.08
177990,0.6,0.4,1.55,1.12,0.1
178000,0.61,0.41,1.55,1.12,0.1
178040,0.51,0.4,1.55,1.12,0.13
178100,0.4,0.41,1.55,1.13,0.1
178180,0.39,0.44,1.55,1.13,0.04
178190,0.38,0.44,1.55,1.13,0.04
178200,0.37,0.44,1.55,1.13,0.06
178360,0.29,0.43,1.55,1.13,0.03
178390,0.35,0.43,1.55,1.13,0.03
178420,0.3,0.43,1.55,1.13,0.03
178460,0.34,0.44,1.55,1.13,0.03
178470,0.31,0.42,1.55,1.13,0.03
178480,0.3,0.42,1.55,1.13,0.03
178610,0.29,0.42,1.56,1.13,0.02
178700,0.34,0.42,1.56,1.13,0.03
178730,0.41,0.43,1.56,1.13,0.03
178740,0.4,0.44,1.56,1.13,0.03
178890,0.37,0.44,1.56,1.13,0.06
178910,0.34,0.43,1.56,1.13,0.06
178960,0.41,0.44,1.56,1.13,0.02
179090,0.42,0.41,1.56,1.14,0.02
179210,0.29,0.42,1.57,1.14,0.03
179280,0.31,0.4,1.57,1.14,0.01
179310,0.42,0.4,1.57,1.14,0.01
179380,0.3,0.4,1.57,1.14,0.04
179430,0.32,0.4,1.57,1.14,0.02
179450,0.28,0.4,1.57,1.14,0.02
179510,0.33,0.39,1.57,1.14,0.05
179580,0.26,0.38,1.57,1.14,0.04
179730,0.24,0.38,1.57,1.14,0.02
179880,0.26,0.38,1.57,1.15,0.02
179930,0.34,0.39,1.58,1.15,0.02
180140,0.34,0.4,1.58,1.15,0.05
180420,0.42,0.43,1.58,1.15,0.04
181780,0.4,0.1,0.01,0.01,0.24
182140,0.4,0.1,0.01,0.01,0.03
182250,0.4,0.1,0.01,0.01,0.11
182460,0.4,0.1,0.01,0.01,0.04
182540,0.4,0.1,0.01,0.01,0.06
182590,0.4,0.1,0.01,0.01,0.02
182600,0.4,0.1,0.01,0.01,0.02
182760,0.4,0.1,0.01,0.01,0.06
182850,0.4,0.1,0.01,0.01,0.04
182860,0.4,0.1,0.01,0.01,0.04
182970,0.4,0.1,0.01,0.01,0.06
183810,0.4,0.1,0.01,0.01,0.06
183840,0.4,0.1,0.01,0.01,0.03
183870,0.4,0.1,0.01,0.01,0.03
183950,0.4,0.1,0.01,0.01,0.09
183990,0.4,0.1,0.01,0.01,0.04
184040,0.4,0.1,0.01,0.01,0.03
184110,0.4,0.1,0.01,0.01,0.04
184180,0.4,0.1,0.01,0.01,0.03
184490,0.4,0.1,0.01,0.01,0.06
184560,0.43,0.22,0.06,0.04,0.62
184590,0.36,0.22,0.07,0.04,0.62
184640,0.34,0.22,0.07,0.04,0.06
184760,0.29,0.21,0.07,0.04,0.08
184790,0.27,0.22,0.07,0.04,0.08
184830,0.25,0.22,0.07,0.04,0.03
184860,0.24,0.22,0.07,0.04,0.03
185110,0.35,0.21,0.07,0.04,0.06
185220,0.19,0.21,0.07,0.04,0.03
185490,0.25,0.24,0.08,0.05,0.03
185520,0.28,0.25,0.08,0.05,0.04
185570,0.2,0.22,0.08,0.05,0.04
185630,0.26,0.23,0.08,0.05,0.03
185670,0.33,0.23,0.08,0.05,0.03
185680,0.34,0.24,0.08,0.05,0.03
185800,0.25,0.23,0.08,0.05,0.03
185950,0.25,0.22,0.08,0.05,0.06
186060,0.28,0.25,0.09,0.05,0.06
186120,0.2,0.23,0.09,0.05,0.04
186330,0.21,0.22,0.09,0.05,0.1
186890,0.38,0.24,0.1,0.06,0.07
187090,0.35,0.29,0.1,0.06,0.03
187110,0.31,0.29,0.1,0.06,0.03
187530,0.25,0.27,0.11,0.07,0.05
187570,0.21,0.25,0.11,0.07,0.05
187610,0.4,0.26,0.12,0.07,0.05
187630,0.31,0.27,0.12,0.07,0.13
187920,0.36,0.31,0.12,0.07,0.04
187930,0.39,0.31,0.12,0.07,0.04
188100,0.39,0.32,0.13,0.07,0.2
188150,0.37,0.34,0.13,0.07,0.2
188230,0.39,0.3,0.13,0.08,0.16
188300,0.42,0.32,0.13,0.08,0.09
188360,0.51,0.31,0.13,0.08,0.11
188370,0.52,0.31,0.13,0.08,0.11
188760,0.34,0.3,0.14,0.08,0.1
188840,0.38,0.3,0.15,0.09,0.12
189070,0.36,0.29,0.16,0.09,0.1
189090,0.39,0.29,0.16,0.09,0.1
189250,0.35,0.28,0.16,0.09,0.04
189330,0.38,0.27,0.16,0.09,0.06
189360,0.45,0.29,0.16,0.09,0.06
189570,0.32,0.27,0.17,0.1,0.09
190010,0.35,0.28,0.18,0.1,0.08
190100,0.34,0.29,0.18,0.1,0.08
190160,0.33,0.27,0.18,0.11,0.09
190260,0.31,0.29,0.19,0.11,0.06
190300,0.27,0.27,0.19,0.11,0.06
190390,0.23,0.25,0.19,0.11,0.08
190520,0.24,0.25,0.19,0.11,0.03
190530,0.25,0.25,0.19,0.11,0.03
190630,0.34,0.25,0.19,0.11,0.06
190660,0.35,0.25,0.19,0.11,0.06
190680,0.27,0.26,0.19,0.11,0.04
190910,0.37,0.3,0.2,0.11,0.05
191030,0.49,0.3,0.2,0.12,0.09
191060,0.45,0.28,0.2,0.12,0.08
191160,0.55,0.28,0.2,0.12,0.05
191260,0.34,0.27,0.21,0.12,0.04
191440,0.31,0.27,0.21,0.12,0.05
191610,0.34,0.28,0.22,0.12,0.11
191690,0.45,0.31,0.22,0.12,0.22
191790,0.38,0.27,0.22,0.13,0.11
191870,0.27,0.28,0.22,0.13,0.12
192010,0.34,0.28,0.23,0.13,0.27
192030,0.35,0.28,0.23,0.13,0.27
192170,0.34,0.29,0.23,0.13,0.09
192240,0.31,0.28,0.23,0.13,0.09
192270,0.24,0.27,0.23,0.13,0.09
192310,0.28,0.28,0.23,0.13,0.05
192420,0.34,0.3,0.23,0.13,0.11
192620,0.32,0.29,0.24,0.13,0.08
192720,0.41,0.31,0.24,0.13,0.04
192800,0.35,0.3,0.24,0.14,0.03
192810,0.36,0.3,0.24,0.14,0.03
192820,0.33,0.3,0.24,0.14,0.03
192880,0.33,0.31,0.24,0.14,0.05
193090,0.56,0.34,0.25,0.14,0.06
193130,0.46,0.32,0.25,0.14,0.06
193450,0.4,0.32,0.26,0.14,0.07
193480,0.38,0.33,0.26,0.14,0.07
193680,0.49,0.32,0.26,0.15,0.08
193710,0.48,0.34,0.26,0.15,0.08
193740,0.46,0.34,0.26,0.15,0.1
193760,0.38,0.34,0.27,0.15,0.1
193880,0.46,0.34,0.27,0.15,0.21
194000,0.38,0.3,0.27,0.15,0.19
194010,0.37,0.3,0.27,0.15,0.19
194270,0.43,0.33,0.28,0.15,0.12
194350,0.54,0.35,0.28,0.15,0.12
194580,0.53,0.36,0.29,0.16,0.1
194600,0.53,0.36,0.29,0.16,0.1
194640,0.47,0.35,0.29,0.16,0.12
194820,0.53,0.36,0.3,0.16,0.12
194840,0.54,0.38,0.3,0.16,0.12
195050,0.48,0.39,0.3,0.16,0.21
195090,0.6,0.38,0.3,0.17,0.14
195710,0.58,0.34,0.32,0.17,0.09
195730,0.57,0.33,0.32,0.17,0.17
195850,0.44,0.32,0.32,0.18,0.19
195930,0.43,0.3,0.32,0.18,0.15
195950,0.66,0.32,0.32,0.18,0.15
196110,0.76,0.33,0.33,0.18,0.24
196450,0.77,0.33,0.35,0.19,0.07
196510,0.75,0.32,0.35,0.19,0.09
196520,0.68,0.32,0.35,0.19,0.09
196790,0.46,0.31,0.36,0.19,0.1
196850,0.48,0.31,0.36,0.19,0.12
197000,0.58,0.34,0.37,0.19,0.21
197070,0.62,0.38,0.37,0.2,0.21
197520,0.4,0.31,0.38,0.2,0.09
197570,0.43,0.3,0.38,0.2,0.09
197650,0.47,0.31,0.38,0.2,0.04
197670,0.47,0.32,0.38,0.2,0.04
197710,0.54,0.35,0.39,0.2,0.03
197760,0.58,0.36,0.39,0.2,0.11
197810,0.46,0.36,0.39,0.21,0.11
197820,0.45,0.34,0.39,0.21,0.13
197840,0.5,0.34,0.39,0.21,0.13
197900,0.46,0.32,0.39,0.21,0.05
198150,0.47,0.31,0.4,0.21,0.06
198290,0.54,0.34,0.4,0.21,0.11
198340,0.52,0.34,0.4,0.21,0.08
198360,0.46,0.34,0.4,0.21,0.07
198390,0.41,0.33,0.4,0.21,0.07
198470,0.39,0.32,0.4,0.22,0.12
198490,0.42,0.33,0.4,0.22,0.11
198530,0.43,0.33,0.41,0.22,0.11
198830,0.5,0.35,0.41,0.22,0.17
198850,0.52,0.34,0.41,0.22,0.16
198960,0.51,0.37,0.42,0.22,0.15
198980,0.52,0.36,0.42,0.22,0.15
199050,0.46,0.34,0.42,0.23,0.21
199370,0.34,0.33,0.43,0.23,0.11
199610,0.51,0.38,0.43,0.23,0.25
199670,0.43,0.37,0.43,0.24,0.19
199780,0.46,0.37,0.44,0.24,0.16
199860,0.45,0.39,0.44,0.24,0.13
200030,0.49,0.37,0.44,0.24,0.19
200310,0.44,0.32,0.45,0.25,0.09
200350,0.44,0.33,0.46,0.25,0.09
200450,0.48,0.35,0.46,0.25,0.13
200520,0.5,0.33,0.46,0.25,0.1
200630,0.57,0.37,0.46,0.25,0.07
200690,0.37,0.33,0.46,0.26,0.14
200750,0.39,0.35,0.46,0.26,0.13
200790,0.34,0.33,0.47,0.26,0.11
201000,0.41,0.31,0.47,0.26,0.11
201110,0.48,0.37,0.47,0.26,0.09
201130,0.51,0.37,0.47,0.26,0.15
201170,0.49,0.37,0.47,0.26,0.15
201220,0.39,0.36,0.47,0.27,0.09
201230,0.43,0.36,0.48,0.27,0.09
201380,0.35,0.35,0.48,0.27,0.07
201390,0.41,0.35,0.48,0.27,0.07
201410,0.43,0.36,0.48,0.27,0.07
201460,0.43,0.36,0.48,0.27,0.12
201610,0.44,0.37,0.48,0.27,0.11
201780,0.53,0.36,0.49,0.28,0.06
201810,0.51,0.35,0.49,0.28,0.06
201970,0.45,0.32,0.49,0.28,0.08
202120,0.56,0.36,0.5,0.28,0.18
202240,0.37,0.34,0.5,0.28,0.2
202380,0.32,0.32,0.5,0.28,0.06
202400,0.55,0.33,0.5,0.28,0.06
202490,0.45,0.33,0.5,0.28,0.18
202580,0.43,0.34,0.5,0.29,0.16
202590,0.45,0.33,0.5,0.29,0.16
202700,0.59,0.4,0.51,0.29,0.06
202860,0.44,0.41,0.51,0.29,0.04
202870,0.46,0.41,0.51,0.29,0.04
202910,0.49,0.4,0.51,0.29,0.04
202930,0.5,0.41,0.51,0.29,0.04
203070,0.39,0.38,0.51,0.29,0.09
203200,0.49,0.31,0.51,0.29,0.11
203270,0.54,0.3,0.52,0.29,0.15
203530,0.36,0.28,0.52,0.3,0.08
203820,0.39,0.3,0.53,0.3,0.12
203950,0.44,0.29,0.53,0.3,0.12
204090,0.44,0.29,0.53,0.31,0.11
204120,0.44,0.31,0.53,0.31,0.22
204430,0.29,0.28,0.54,0.31,0.08
204470,0.48,0.29,0.54,0.31,0.08
204670,0.32,0.25,0.54,0.31,0.14
204700,0.35,0.26,0.54,0.31,0.14
204710,0.34,0.26,0.54,0.31,0.14
204750,0.34,0.27,0.54,0.31,0.14
204770,0.37,0.28,0.55,0.31,0.14
204850,0.4,0.27,0.55,0.32,0.04
204900,0.38,0.27,0.55,0.32,0.06
204990,0.36,0.28,0.55,0.32,0.11
205110,0.34,0.27,0.55,0.32,0.04
205120,0.36,0.28,0.55,0.32,0.04
205220,0.39,0.29,0.55,0.32,0.05
205250,0.52,0.32,0.55,0.32,0.05
205340,0.51,0.33,0.56,0.32,0.06
205350,0.5,0.32,0.56,0.32,0.06
205400,0.56,0.33,0.56,0.33,0.06
205430,0.5,0.32,0.56,0.33,0.06
205570,0.5,0.32,0.57,0.33,0.06
206050,0.49,0.29,0.59,0.34,0.05
206070,0.47,0.28,0.59,0.34,0.05
206170,0.41,0.29,0.59,0.34,0.04
206290,0.39,0.31,0.59,0.34,0.08
206610,0.44,0.3,0.6,0.35,0.19
206680,0.38,0.3,0.6,0.35,0.26
206760,0.48,0.33,0.61,0.35,0.09
206970,0.41,0.33,0.61,0.35,0.09
207000,0.47,0.34,0.61,0.36,0.13
207100,0.36,0.31,0.61,0.36,0.1
207150,0.42,0.32,0.62,0.36,0.12
207220,0.36,0.29,0.62,0.36,0.1
207370,0.38,0.29,0.62,0.36,0.08
207430,0.36,0.28,0.62,0.36,0.07
207470,0.42,0.27,0.62,0.36,0.07
207610,0.51,0.29,0.63,0.37,0.16
207640,0.57,0.31,0.63,0.37,0.16
207690,0.4,0.29,0.63,0.37,0.22
207740,0.31,0.27,0.63,0.37,0.17
207810,0.41,0.27,0.63,0.37,0.16
207830,0.37,0.28,0.63,0.37,0.16
207840,0.33,0.29,0.63,0.37,0.08
208010,0.26,0.28,0.64,0.37,0.06
208210,0.29,0.27,0.64,0.38,0.07
208310,0.26,0.25,0.64,0.38,0.04
208440,0.61,0.26,0.65,0.38,0.03
208480,0.44,0.27,0.65,0.38,0.03
208640,0.4,0.3,0.65,0.38,0.04
208700,0.49,0.32,0.65,0.38,0.03
208870,0.49,0.34,0.65,0.38,0.07
208910,0.57,0.32,0.66,0.39,0.07
209010,0.54,0.35,0.66,0.39,0.08
209120,0.5,0.33,0.66,0.39,0.12
209210,0.5,0.34,0.66,0.39,0.15
209270,0.48,0.32,0.66,0.39,0.13
209290,0.54,0.34,0.66,0.39,0.16
209310,0.55,0.35,0.66,0.39,0.16
209600,0.45,0.3,0.67,0.4,0.12
209960,0.42,0.3,0.68,0.4,0.1
210020,0.43,0.33,0.68,0.4,0.12
210080,0.37,0.3,0.68,0.4,0.21
210200,0.43,0.33,0.68,0.4,0.11
210230,0.45,0.34,0.68,0.4,0.11
210260,0.53,0.37,0.68,0.4,0.53
210270,0.49,0.36,0.68,0.4,0.53
210320,0.44,0.34,0.69,0.41,0.22
210340,0.42,0.34,0.69,0.41,0.22
210430,0.43,0.36,0.69,0.41,0.06
210450,0.41,0.36,0.69,0.41,0.06
210640,0.54,0.35,0.69,0.41,0.12
210650,0.53,0.35,0.69,0.41,0.12
210760,0.44,0.35,0.7,0.41,0.1
210780,0.46,0.36,0.7,0.41,0.11
210860,0.55,0.36,0.7,0.41,0.13
210950,0.43,0.35,0.7,0.41,0.08
211100,0.39,0.36,0.7,0.42,0.17
211150,0.5,0.36,0.7,0.42,0.08
211340,0.4,0.36,0.71,0.42,0.12
211370,0.56,0.37,0.71,0.42,0.12
211390,0.43,0.36,0.71,0.42,0.12
211420,0.43,0.35,0.71,0.42,0.12
211510,0.44,0.36,0.71,0.42,0.04
211600,0.35,0.36,0.71,0.42,0.06
211760,0.36,0.34,0.72,0.43,0.07
211800,0.41,0.36,0.72,0.43,0.15
211820,0.53,0.37,0.72,0.43,0.15
211890,0.51,0.39,0.72,0.43,0.14
211910,0.53,0.4,0.72,0.43,0.14
211940,0.51,0.4,0.72,0.43,0.1
212020,0.45,0.37,0.72,0.43,0.09
212120,0.55,0.38,0.72,0.43,0.12
212130,0.5,0.38,0.72,0.43,0.12
212280,0.41,0.36,0.73,0.44,0.05
212460,0.45,0.37,0.73,0.44,0.06
212580,0.78,0.42,0.74,0.44,0.15
212600,0.7,0.42,0.74,0.44,0.15
212650,0.66,0.42,0.74,0.44,0.15
212900,0.64,0.4,0.74,0.45,0.13
212930,0.54,0.4,0.74,0.45,0.13
213040,0.56,0.4,0.75,0.45,0.09
213070,0.44,0.38,0.75,0.45,0.08
213130,0.37,0.37,0.75,0.45,0.05
213210,0.38,0.36,0.75,0.45,0.06
213280,0.46,0.37,0.75,0.45,0.09
213320,0.31,0.37,0.75,0.45,0.06
213340,0.32,0.38,0.75,0.45,0.06
213430,0.65,0.39,0.75,0.45,0.05
213530,0.34,0.35,0.76,0.46,0.06
213680,0.35,0.37,0.76,0.46,0.06
213710,0.37,0.36,0.76,0.46,0.06
213930,0.24,0.35,0.76,0.46,0.03
214130,0.32,0.36,0.77,0.46,0.04
214290,0.38,0.37,0.77,0.46,0.06
214470,0.45,0.37,0.77,0.47,0.04
214480,0.45,0.38,0.77,0.47,0.04
214530,0.37,0.36,0.77,0.47,0.06
214550,0.44,0.38,0.77,0.47,0.06
214670,0.38,0.36,0.78,0.47,0.04
214770,0.33,0.35,0.78,0.47,0.04
214870,0.34,0.36,0.78,0.47,0.03
215080,0.33,0.36,0.78,0.47,0.03
215150,0.34,0.35,0.78,0.47,0.07
215470,0.4,0.37,0.79,0.48,0.07
215480,0.41,0.37,0.79,0.48,0.07
215540,0.47,0.38,0.79,0.48,0.03
215560,0.4,0.38,0.79,0.48,0.03
215590,0.4,0.38,0.79,0.48,0.03
215930,0.49,0.41,0.79,0.48,0.04
215940,0.5,0.41,0.79,0.48,0.07
216010,0.49,0.41,0.8,0.48,0.12
216300,0.7,0.4,0.8,0.49,0.29
216360,0.6,0.39,0.8,0.49,0.33
216590,0.54,0.38,0.81,0.49,0.08
216840,0.32,0.38,0.81,0.49,0.08
216870,0.37,0.39,0.81,0.49,0.08
216880,0.33,0.39,0.81,0.49,0.08
217050,0.3,0.4,0.81,0.49,0.04
217070,0.33,0.4,0.81,0.49,0.04
217080,0.34,0.4,0.81,0.49,0.05
217130,0.49,0.4,0.81,0.49,0.05
217180,0.37,0.4,0.81,0.49,0.06
217320,0.49,0.43,0.82,0.5,0.06
217580,0.44,0.4,0.82,0.5,0.07
217770,0.36,0.38,0.82,0.5,0.07
217840,0.37,0.38,0.82,0.5,0.02
217940,0.41,0.37,0.83,0.5,0.13
218040,0.3,0.39,0.83,0.5,0.12
218050,0.28,0.38,0.83,0.5,0.12
218090,0.32,0.37,0.83,0.5,0.12
218150,0.32,0.38,0.83,0.5,0.06
218240,0.45,0.38,0.83,0.51,0.02
218250,0.43,0.37,0.83,0.51,0.02
218280,0.43,0.38,0.83,0.51,0.08
218480,0.29,0.38,0.83,0.51,0.04
218490,0.32,0.38,0.83,0.51,0.04
218540,0.26,0.37,0.84,0.51,0.05
218600,0.25,0.37,0.84,0.51,0.02
218620,0.25,0.38,0.84,0.51,0.02
218650,0.28,0.36,0.84,0.51,0.02
218710,0.3,0.37,0.84,0.51,0.11
218840,0.59,0.39,0.84,0.51,0.05
218880,0.54,0.39,0.84,0.51,0.03
219020,0.34,0.38,0.84,0.51,0.04
219040,0.37,0.37,0.84,0.51,0.04
219060,0.31,0.38,0.84,0.51,0.03
219140,0.23,0.37,0.84,0.52,0.04
219470,0.23,0.4,0.85,0.52,0.03
219570,0.23,0.4,0.85,0.52,0.05
219670,0.25,0.41,0.85,0.52,0.04
219730,0.23,0.41,0.85,0.52,0.03
219750,0.2,0.4,0.85,0.52,0.03
219880,0.29,0.41,0.85,0.52,0.03
219990,0.27,0.42,0.85,0.52,0.04
220090,0.27,0.41,0.85,0.52,0.06
220110,0.28,0.41,0.85,0.52,0.06
220190,0.27,0.39,0.86,0.53,0.03
220290,0.29,0.4,0.86,0.53,0.05
220430,0.35,0.42,0.86,0.53,0.05
220710,0.24,0.38,0.86,0.53,0.04
220960,0.39,0.38,0.87,0.53,0.03
220980,0.31,0.38,0.87,0.53,0.04
221050,0.3,0.38,0.87,0.53,0.04
221100,0.22,0.37,0.87,0.53,0.04
221170,0.28,0.38,0.87,0.54,0.08
221230,0.4,0.39,0.87,0.54,0.07
221280,0.33,0.4,0.87,0.54,0.06
221480,0.4,0.43,0.87,0.54,0.02
221510,0.39,0.43,0.87,0.54,0.02
221560,0.25,0.43,0.87,0.54,0.04
221680,0.38,0.45,0.88,0.54,0.04
221700,0.32,0.44,0.88,0.54,0.05
221710,0.37,0.44,0.88,0.54,0.05
221740,0.45,0.44,0.88,0.54,0.05
221760,0.54,0.43,0.88,0.54,0.07
221830,0.3,0.42,0.88,0.54,0.06
221860,0.28,0.41,0.88,0.54,0.06
221870,0.29,0.4,0.88,0.54,0.06
221890,0.28,0.4,0.88,0.54,0.06
221990,0.26,0.38,0.88,0.54,0.05
222050,0.31,0.42,0.88,0.54,0.06
222160,0.41,0.41,0.88,0.54,0.09
222240,0.33,0.41,0.88,0.54,0.12
222380,0.4,0.42,0.89,0.55,0.17
222400,0.26,0.4,0.89,0.55,0.17
222510,0.39,0.39,0.89,0.55,0.1
222730,0.3,0.42,0.89,0.55,0.05
222750,0.28,0.42,0.89,0.55,0.05
222890,0.29,0.42,0.89,0.55,0.03
222900,0.29,0.41,0.89,0.55,0.06
222920,0.28,0.42,0.89,0.55,0.06
223010,0.32,0.4,0.89,0.55,0.07
223020,0.33,0.4,0.89,0.55,0.05
223070,0.41,0.4,0.9,0.55,0.05
223120,0.3,0.39,0.9,0.55,0.03
223290,0.28,0.43,0.9,0.56,0.04
223460,0.23,0.44,0.9,0.56,0.04
223550,0.28,0.42,0.9,0.56,0.06
223560,0.26,0.41,0.9,0.56,0.07
223590,0.24,0.41,0.9,0.56,0.07
223660,0.28,0.42,0.9,0.56,0.07
223780,0.47,0.44,0.9,0.56,0.08
223890,0.36,0.46,0.91,0.56,0.06
223920,0.25,0.45,0.91,0.56,0.06
223940,0.27,0.45,0.91,0.56,0.06
223960,0.26,0.45,0.91,0.56,0.06
223980,0.25,0.45,0.91,0.56,0.03
224010,0.31,0.46,0.91,0.56,0.03
224020,0.27,0.45,0.91,0.56,0.03
224130,0.36,0.45,0.91,0.56,0.03
224180,0.3,0.43,0.91,0.56,0.04
224210,0.29,0.44,0.91,0.56,0.04
224300,0.27,0.42,0.91,0.56,0.02
224350,0.28,0.41,0.91,0.56,0.03
224480,0.26,0.38,0.91,0.57,0.04
224560,0.26,0.39,0.91,0.57,0.04
224730,0.33,0.4,0.92,0.57,0.04
224750,0.27,0.38,0.92,0.57,0.04
224830,0.27,0.38,0.92,0.57,0.05
224840,0.26,0.38,0.92,0.57,0.05
224960,0.35,0.38,0.92,0.57,0.04
224980,0.31,0.38,0.92,0.57,0.04
225080,0.44,0.38,0.92,0.57,0.11
225110,0.3,0.38,0.92,0.57,0.11
225320,0.25,0.36,0.93,0.58,0.07
225340,0.34,0.37,0.93,0.58,0.07
225450,0.26,0.36,0.93,0.58,0.06
225510,0.33,0.37,0.93,0.58,0.07
225710,0.2,0.36,0.93,0.58,0.09
225720,0.25,0.36,0.93,0.58,0.14
225730,0.36,0.37,0.93,0.58,0.14
225750,0.36,0.38,0.93,0.58,0.14
226060,0.18,0.37,0.94,0.58,0.04
226310,0.22,0.36,0.94,0.58,0.11
226330,0.23,0.37,0.94,0.58,0.19
226420,0.2,0.36,0.94,0.58,0.21
226490,0.31,0.38,0.94,0.58,0.15
226560,0.32,0.38,0.95,0.58,0.15
226580,0.29,0.38,0.95,0.58,0.15
226590,0.3,0.38,0.95,0.58,0.15
226770,0.32,0.41,0.95,0.58,0.1
226920,0.36,0.4,0.95,0.59,0.07
226970,0.37,0.41,0.95,0.59,0.07
227010,0.43,0.42,0.95,0.59,0.07
227030,0.52,0.42,0.95,0.59,0.07
227450,0.39,0.43,0.96,0.59,0.07
227500,0.39,0.43,0.96,0.59,0.04
227580,0.31,0.43,0.96,0.59,0.08
227650,0.53,0.44,0.96,0.59,0.15
227860,0.28,0.42,0.97,0.6,0.09
227940,0.31,0.4,0.97,0.6,0.03
228090,0.49,0.42,0.97,0.6,0.03
228110,0.64,0.43,0.97,0.6,0.03
228190,0.31,0.4,0.97,0.6,0.03
228230,0.27,0.4,0.97,0.6,0.03
228420,0.19,0.4,0.97,0.6,0.02
228650,0.19,0.4,0.98,0.6,0.03
228740,0.19,0.39,0.98,0.6,0.04
228780,0.16,0.39,0.98,0.6,0.06
228850,0.22,0.4,0.98,0.6,0.02
228880,0.22,0.41,0.98,0.6,0.02
229150,0.25,0.41,0.98,0.6,0.03
229190,0.24,0.41,0.98,0.6,0.03
229230,0.3,0.43,0.98,0.6,0.07
229270,0.28,0.43,0.98,0.6,0.11
229360,0.27,0.43,0.98,0.6,0.04
229450,0.31,0.43,0.99,0.6,0.06
229460,0.24,0.43,0.99,0.6,0.06
229560,0.26,0.43,0.99,0.6,0.04
230260,0.27,0.44,0.99,0.61,0.02
230280,0.24,0.45,0.99,0.61,0.02
230340,0.18,0.43,0.99,0.61,0.02
230390,0.26,0.44,1.0,0.61,0.02
230430,0.27,0.44,1.0,0.61,0.03
230520,0.3,0.44,1.0,0.61,0.03
230640,0.37,0.45,1.0,0.61,0.02
230770,0.25,0.44,1.0,0.61,0.05
230790,0.26,0.45,1.0,0.61,0.05
230800,0.29,0.45,1.0,0.61,0.05
230930,0.29,0.46,1.0,0.61,0.05
230990,0.29,0.46,1.0,0.61,0.03
231040,0.22,0.46,1.0,0.61,0.03
231110,0.32,0.46,1.01,0.61,0.03
231130,0.28,0.45,1.01,0.61,0.03
231160,0.2,0.45,1.01,0.61,0.03
231320,0.26,0.47,1.01,0.61,0.04
231380,0.37,0.46,1.01,0.61,0.04
231410,0.32,0.46,1.01,0.61,0.04
231530,0.18,0.46,1.01,0.62,0.04
231550,0.26,0.46,1.01,0.62,0.04
231660,0.24,0.48,1.01,0.62,0.02
231710,0.22,0.48,1.01,0.62,0.02
231720,0.23,0.48,1.01,0.62,0.02
231750,0.21,0.47,1.01,0.62,0.02
231810,0.26,0.47,1.01,0.62,0.02
231940,0.23,0.47,1.02,0.62,0.03
232000,0.17,0.46,1.02,0.62,0.04
232130,0.17,0.46,1.02,0.62,0.03
232160,0.25,0.47,1.02,0.62,0.03
232190,0.38,0.46,1.02,0.62,0.03
232240,0.44,0.46,1.02,0.62,0.04
232480,0.42,0.49,1.02,0.62,0.03
232610,0.42,0.48,1.02,0.62,0.03
232750,0.5,0.46,1.02,0.62,0.02
232920,0.38,0.46,1.03,0.62,0.04
232990,0.4,0.47,1.03,0.62,0.02
233010,0.39,0.48,1.03,0.62,0.02
233060,0.47,0.49,1.03,0.62,0.04
233320,0.41,0.48,1.04,0.63,0.05
233400,0.42,0.49,1.04,0.63,0.02
233480,0.48,0.5,1.04,0.63,0.07
233490,0.48,0.5,1.05,0.63,0.07
233600,0.46,0.48,1.05,0.63,0.08
233620,0.45,0.48,1.05,0.63,0.08
233660,0.48,0.49,1.05,0.63,0.13
233680,0.49,0.49,1.05,0.63,0.13
233730,0.43,0.49,1.05,0.63,0.07
233770,0.51,0.5,1.05,0.63,0.1
233970,0.48,0.48,1.05,0.63,0.08
234190,0.55,0.5,1.06,0.63,0.06
234390,0.43,0.48,1.06,0.63,0.1
234450,0.49,0.48,1.06,0.63,0.05
234490,0.42,0.46,1.06,0.63,0.09
234520,0.39,0.46,1.06,0.64,0.09
234550,0.46,0.46,1.06,0.64,0.07
234570,0.49,0.48,1.06,0.64,0.07
234600,0.49,0.49,1.06,0.64,0.08
234810,0.5,0.51,1.07,0.64,0.06
234830,0.48,0.51,1.07,0.64,0.06
234860,0.52,0.52,1.07,0.64,0.07
235110,0.49,0.45,1.07,0.64,0.07
235590,0.22,0.43,1.08,0.64,0.06
235630,0.17,0.43,1.08,0.64,0.03
235730,0.13,0.41,1.08,0.64,0.02
235940,0.13,0.41,1.09,0.64,0.04
235990,0.18,0.41,1.09,0.65,0.03
236020,0.16,0.42,1.09,0.65,0.03
236030,0.24,0.43,1.09,0.65,0.03
236170,0.14,0.4,1.09,0.65,0.03
236270,0.13,0.41,1.09,0.65,0.03
236300,0.2,0.42,1.09,0.65,0.03
236310,0.28,0.41,1.09,0.65,0.03
236340,0.22,0.42,1.09,0.65,0.02
236500,0.29,0.44,1.09,0.65,0.03
236600,0.18,0.41,1.1,0.65,0.03
236630,0.16,0.41,1.1,0.65,0.03
236660,0.14,0.41,1.1,0.65,0.03
236670,0.15,0.41,1.1,0.65,0.03
236700,0.15,0.41,1.1,0.65,0.03
236820,0.15,0.42,1.1,0.65,0.04
236910,0.26,0.44,1.1,0.65,0.08
237050,0.26,0.43,1.1,0.65,0.07
237060,0.33,0.44,1.11,0.65,0.09
237080,0.25,0.43,1.11,0.65,0.09
237230,0.23,0.46,1.11,0.65,0.04
237260,0.22,0.46,1.11,0.65,0.03
237270,0.22,0.46,1.11,0.65,0.03
237290,0.25,0.47,1.11,0.65,0.03
237320,0.25,0.47,1.11,0.65,0.03
237460,0.24,0.47,1.11,0.65,0.03
237590,0.19,0.48,1.11,0.65,0.03
237650,0.23,0.49,1.11,0.65,0.06
237820,0.3,0.48,1.11,0.66,0.07
237850,0.3,0.48,1.12,0.66,0.09
237880,0.25,0.47,1.12,0.66,0.09
237950,0.22,0.47,1.12,0.66,0.1
238000,0.44,0.48,1.12,0.66,0.07
238280,0.21,0.48,1.12,0.66,0.15
238360,0.21,0.49,1.12,0.66,0.13
238410,0.18,0.47,1.12,0.66,0.12
238690,0.25,0.51,1.13,0.66,0.13
238720,0.83,0.52,1.13,0.66,0.13
238780,0.18,0.52,1.13,0.66,0.09
238840,0.25,0.52,1.13,0.67,0.1
238910,0.18,0.52,1.13,0.67,0.06
238950,0.84,0.5,1.13,0.67,0.06
238980,0.19,0.47,1.13,0.67,0.04
239020,0.2,0.47,1.13,0.67,0.04
239090,0.16,0.46,1.13,0.67,0.07
239110,0.17,0.47,1.13,0.67,0.03
239120,0.16,0.47,1.13,0.67,0.03
239270,0.61,0.45,1.13,0.67,0.03
239310,0.11,0.44,1.13,0.67,0.04
239430,0.23,0.45,1.14,0.67,0.05
239440,0.26,0.46,1.14,0.67,0.05
239450,0.22,0.45,1.14,0.67,0.05
239540,0.12,0.46,1.14,0.67,0.04
239750,0.35,0.47,1.14,0.67,0.02
239990,0.13,0.47,1.14,0.67,0.04
240110,0.12,0.46,1.14,0.67,0.06
240130,0.16,0.47,1.14,0.67,0.05
240160,0.14,0.46,1.14,0.67,0.05
240410,0.12,0.46,1.15,0.67,0.03
240420,0.53,0.46,1.15,0.68,0.06
240630,0.16,0.47,1.15,0.68,0.03
240670,0.17,0.47,1.15,0.68,0.03
240780,0.33,0.47,1.15,0.68,0.04
240830,0.7,0.48,1.15,0.68,0.04
240840,0.16,0.48,1.15,0.68,0.03
241040,0.13,0.48,1.15,0.68,0.02
241130,0.75,0.48,1.15,0.68,0.01
241470,0.29,0.54,1.16,0.68,0.06
241490,0.28,0.52,1.16,0.68,0.06
241630,0.24,0.52,1.16,0.68,0.04
241860,0.18,0.49,1.16,0.68,0.03
242000,0.91,0.49,1.16,0.69,0.03
242050,0.33,0.5,1.16,0.69,0.03
242070,0.34,0.5,1.16,0.69,0.03
242090,0.22,0.49,1.16,0.69,0.03
242200,0.19,0.49,1.16,0.69,0.03
242240,0.15,0.48,1.16,0.69,0.03
242380,0.17,0.48,1.17,0.69,0.02
242420,0.18,0.49,1.17,0.69,0.02
242460,0.17,0.5,1.17,0.69,0.04
242840,0.11,0.47,1.17,0.69,0.03
242990,0.34,0.47,1.17,0.69,0.01
243180,0.14,0.48,1.17,0.69,0.05
243420,0.26,0.5,1.17,0.69,0.02
243470,0.17,0.48,1.17,0.69,0.02
243480,0.18,0.49,1.18,0.69,0.03
243700,0.14,0.49,1.18,0.69,0.02
243770,0.37,0.48,1.18,0.7,0.03
243910,0.22,0.49,1.18,0.7,0.02
244000,0.18,0.48,1.18,0.7,0.03
244020,0.16,0.49,1.18,0.7,0.03
244040,0.12,0.48,1.18,0.7,0.03
244120,0.15,0.48,1.18,0.7,0.02
244140,0.23,0.48,1.18,0.7,0.04
244180,0.19,0.48,1.18,0.7,0.04
244290,0.16,0.49,1.18,0.7,0.04
244300,0.19,0.49,1.18,0.7,0.04
244330,0.19,0.5,1.18,0.7,0.03
244560,0.21,0.51,1.19,0.7,0.04
244650,0.17,0.5,1.19,0.7,0.05
244680,0.17,0.5,1.19,0.7,0.03
244730,0.19,0.52,1.19,0.7,0.03
245090,0.23,0.53,1.19,0.7,0.05
245170,0.21,0.53,1.19,0.7,0.03
245290,0.38,0.51,1.19,0.7,0.02
245470,0.17,0.51,1.2,0.71,0.02
245500,0.14,0.5,1.2,0.71,0.02
245540,0.19,0.51,1.2,0.71,0.02
245590,0.15,0.5,1.2,0.71,0.03
245620,0.21,0.5,1.2,0.71,0.03
245690,0.24,0.53,1.2,0.71,0.02
245730,0.3,0.53,1.2,0.71,0.02
245820,0.77,0.51,1.2,0.71,0.06
245860,0.26,0.52,1.2,0.71,0.06
246010,0.36,0.5,1.2,0.71,0.06
246050,0.33,0.51,1.2,0.71,0.06
246120,0.25,0.51,1.2,0.71,0.03
246210,0.33,0.51,1.21,0.71,0.03
246330,0.21,0.52,1.21,0.71,0.03
246390,0.18,0.52,1.21,0.71,0.06
246500,0.19,0.52,1.21,0.71,0.04
246510,0.22,0.51,1.21,0.71,0.04
246530,0.88,0.51,1.21,0.71,0.04
246540,0.16,0.51,1.21,0.71,0.03
246990,0.25,0.49,1.21,0.71,0.03
247010,0.11,0.5,1.21,0.71,0.03
247050,0.28,0.5,1.21,0.71,0.05
247090,0.13,0.49,1.21,0.71,0.04
247130,0.14,0.51,1.21,0.71,0.04
247190,0.17,0.52,1.22,0.71,0.03
247270,0.26,0.52,1.22,0.71,0.03
247300,0.22,0.53,1.22,0.71,0.03
247310,0.22,0.53,1.22,0.71,0.03
247340,0.21,0.54,1.22,0.72,0.03
247450,0.19,0.53,1.22,0.72,0.03
247470,0.38,0.54,1.22,0.72,0.03
247520,0.21,0.54,1.22,0.72,0.04
247570,0.2,0.54,1.22,0.72,0.07
247710,0.32,0.53,1.22,0.72,0.04
247970,0.17,0.53,1.23,0.72,0.07
248230,0.57,0.52,1.23,0.72,0.06
248300,0.95,0.53,1.23,0.72,0.04
248330,0.13,0.54,1.23,0.72,0.04
248390,0.16,0.54,1.23,0.72,0.03
248420,0.74,0.53,1.23,0.72,0.02
248480,0.19,0.54,1.23,0.72,0.03
248520,0.2,0.55,1.23,0.72,0.03
248680,0.29,0.53,1.23,0.72,0.02
248720,0.29,0.53,1.23,0.72,0.02
248850,0.2,0.54,1.23,0.72,0.03
248870,0.22,0.54,1.23,0.72,0.03
249010,0.21,0.53,1.23,0.72,0.03
249200,0.14,0.5,1.24,0.72,0.04
249230,0.8,0.5,1.24,0.72,0.04
249250,0.16,0.5,1.24,0.72,0.03
249310,0.36,0.53,1.24,0.72,0.03
249410,0.2,0.53,1.24,0.73,0.03
249420,0.2,0.53,1.24,0.73,0.92
249430,0.22,0.53,1.24,0.73,0.92
249450,0.19,0.53,1.24,0.73,0.92
249600,0.42,0.55,1.24,0.73,0.02
249810,0.18,0.54,1.25,0.73,0.02
249930,0.69,0.53,1.25,0.73,0.02
250050,0.1,0.53,1.25,0.73,0.05
250190,0.13,0.53,1.25,0.73,0.02
250230,0.3,0.53,1.25,0.73,0.02
250240,0.17,0.54,1.25,0.73,0.02
250370,0.17,0.54,1.25,0.73,0.03
250400,0.16,0.54,1.25,0.73,0.02
250820,0.15,0.55,1.26,0.74,0.02
250900,0.13,0.55,1.26,0.74,0.04
250970,0.23,0.56,1.26,0.74,0.03
251050,0.14,0.55,1.26,0.74,0.02
251150,0.18,0.57,1.26,0.74,0.02
251230,0.13,0.56,1.26,0.74,0.02
251240,0.13,0.56,1.26,0.74,0.02
251440,0.19,0.54,1.26,0.74,0.02
251750,0.14,0.54,1.27,0.74,0.02
251930,0.15,0.55,1.27,0.74,0.02
251970,0.13,0.55,1.27,0.74,0.02
252050,0.27,0.58,1.27,0.74,0.02
252070,0.24,0.58,1.27,0.74,0.03
252130,0.24,0.58,1.27,0.74,0.03
252240,0.27,0.59,1.27,0.74,0.03
252320,0.18,0.56,1.27,0.74,0.03
252350,0.78,0.55,1.27,0.74,0.03
252570,0.15,0.54,1.28,0.74,0.03
252900,0.31,0.51,1.28,0.74,0.03
253050,0.13,0.53,1.28,0.74,0.03
253450,0.13,0.53,1.29,0.75,0.04
253660,0.12,0.54,1.29,0.75,0.03
253690,0.17,0.54,1.29,0.75,0.03
253750,0.11,0.53,1.29,0.75,0.02
253760,0.64,0.53,1.29,0.75,0.02
253770,0.14,0.53,1.29,0.75,0.02
253850,0.19,0.54,1.29,0.75,0.03
253890,0.93,0.55,1.29,0.75,0.02
254020,0.11,0.54,1.29,0.75,0.02
254070,0.13,0.54,1.29,0.75,0.03
254200,0.23,0.54,1.29,0.75,0.03
254290,0.69,0.54,1.29,0.75,0.02
254330,0.14,0.54,1.29,0.75,0.02
254450,0.18,0.55,1.29,0.75,0.02
254490,0.09,0.54,1.29,0.75,0.03
254530,0.35,0.54,1.29,0.75,0.04
254560,0.37,0.54,1.29,0.75,0.04
254640,0.23,0.53,1.3,0.75,0.02
254690,0.14,0.54,1.3,0.75,0.02
254710,0.18,0.54,1.3,0.75,0.04
254750,0.2,0.55,1.3,0.75,0.04
254800,0.75,0.53,1.3,0.75,0.03
254850,0.09,0.53,1.3,0.75,0.02
254930,0.12,0.53,1.3,0.75,0.02
255040,0.12,0.53,1.3,0.75,0.02
255190,0.35,0.53,1.3,0.75,0.02
255240,0.07,0.53,1.3,0.75,0.06
255380,0.09,0.53,1.3,0.75,0.02
255470,0.23,0.53,1.3,0.75,0.02
255550,0.12,0.54,1.3,0.75,0.02
255800,0.18,0.56,1.31,0.76,0.05
256000,0.27,0.6,1.31,0.76,0.04
256020,0.31,0.6,1.31,0.76,0.04
256200,0.16,0.58,1.31,0.76,0.03
256240,0.15,0.57,1.31,0.76,0.03
256270,0.17,0.57,1.31,0.76,0.02
257180,0.2,0.55,1.32,0.77,0.02
257310,0.1,0.54,1.33,0.77,0.02
257600,0.12,0.55,1.33,0.77,0.07
257810,0.1,0.55,1.33,0.77,0.04
257820,0.12,0.56,1.33,0.77,0.05
257970,0.15,0.56,1.33,0.77,0.02
258040,0.15,0.56,1.33,0.77,0.02
258160,0.73,0.56,1.33,0.77,0.03
258400,0.61,0.55,1.33,0.77,0.02
258670,0.16,0.56,1.34,0.77,0.03
258830,0.1,0.55,1.34,0.77,0.02
258860,0.11,0.55,1.34,0.77,0.02
258990,0.17,0.57,1.34,0.77,0.02
259060,0.91,0.56,1.34,0.77,0.02
259080,0.19,0.56,1.34,0.77,0.02
259290,0.57,0.58,1.34,0.77,0.02
259300,0.16,0.58,1.34,0.77,0.02
259330,0.14,0.58,1.34,0.77,0.02
259380,0.1,0.57,1.34,0.77,0.04
259660,0.79,0.61,1.34,0.78,0.03
259770,0.4,0.6,1.35,0.78,0.04
259800,0.43,0.62,1.35,0.78,0.05
259840,0.38,0.63,1.35,0.78,0.05
259940,0.31,0.59,1.35,0.78,0.04
260000,0.25,0.59,1.35,0.78,0.03
260050,0.2,0.57,1.35,0.78,0.03
260110,0.17,0.57,1.35,0.78,0.02
260420,0.22,0.58,1.36,0.78,0.06
260530,0.31,0.58,1.36,0.78,0.06
260660,0.22,0.6,1.36,0.79,0.02
260750,0.52,0.61,1.36,0.79,0.02
260780,0.23,0.6,1.36,0.79,0.03
260810,0.41,0.62,1.36,0.79,0.03
260830,0.4,0.61,1.36,0.79,0.03
260900,0.34,0.6,1.37,0.79,0.04
260940,0.24,0.62,1.37,0.79,0.02
260950,0.25,0.61,1.37,0.79,0.02
261050,0.2,0.58,1.37,0.79,0.03
261100,0.28,0.6,1.37,0.79,0.02
261170,0.2,0.58,1.37,0.79,0.05
261230,0.19,0.56,1.37,0.79,0.07
261250,0.7,0.54,1.37,0.79,0.03
261280,0.22,0.55,1.37,0.79,0.03
261590,0.29,0.55,1.37,0.79,0.02
261620,0.91,0.54,1.37,0.79,0.02
261710,0.19,0.55,1.37,0.79,0.02
261800,0.31,0.56,1.38,0.79,0.04
261840,0.29,0.57,1.38,0.79,0.02
261910,0.28,0.57,1.38,0.79,0.03
261950,0.25,0.57,1.38,0.79,0.03
262000,0.32,0.57,1.38,0.79,0.03
262010,0.9,0.57,1.38,0.79,0.03
262060,0.2,0.55,1.38,0.8,0.04
262130,0.16,0.54,1.38,0.8,0.03
262140,0.15,0.55,1.38,0.8,0.02
262320,0.13,0.53,1.38,0.8,0.02
262440,0.13,0.53,1.38,0.8,0.02
262530,0.35,0.52,1.38,0.8,0.02
262570,0.12,0.52,1.38,0.8,0.02
262690,0.14,0.53,1.38,0.8,0.01
262800,0.2,0.54,1.38,0.8,0.03
262990,0.29,0.62,1.39,0.8,0.03
263050,0.29,0.6,1.39,0.8,0.03
263140,0.23,0.6,1.39,0.8,0.03
263200,0.21,0.58,1.39,0.8,0.04
263210,0.21,0.59,1.39,0.8,0.04
263250,0.26,0.58,1.39,0.8,0.02
263300,0.16,0.57,1.39,0.8,0.03
263470,0.18,0.56,1.39,0.8,0.02
263550,0.18,0.55,1.39,0.8,0.02
263580,0.2,0.55,1.39,0.8,0.04
263770,0.27,0.56,1.39,0.81,0.02
263790,0.25,0.56,1.4,0.81,0.02
263870,0.21,0.57,1.4,0.81,0.04
263890,0.24,0.57,1.4,0.81,0.03
263950,0.22,0.55,1.4,0.81,0.04
264080,0.38,0.59,1.4,0.81,0.03
264210,0.42,0.61,1.4,0.81,0.04
264230,0.44,0.62,1.4,0.81,0.04
264280,0.37,0.59,1.4,0.81,0.09
264390,0.28,0.56,1.41,0.81,0.07
264450,0.23,0.55,1.41,0.81,0.07
264470,0.37,0.56,1.41,0.81,0.07
264530,0.38,0.57,1.41,0.81,0.04
264640,0.3,0.57,1.41,0.82,0.03
264650,0.3,0.57,1.41,0.82,0.03
264700,0.31,0.56,1.41,0.82,0.02
264990,0.28,0.58,1.42,0.82,0.04
265050,0.25,0.55,1.42,0.82,0.02
265080,0.21,0.54,1.42,0.82,0.03
265170,0.28,0.56,1.42,0.82,0.02
265350,0.6,0.6,1.42,0.82,0.07
265410,0.31,0.59,1.42,0.82,0.04
265430,0.31,0.59,1.43,0.82,0.04
265440,0.32,0.59,1.43,0.82,0.03
265460,0.31,0.56,1.43,0.82,0.03
265560,0.26,0.54,1.43,0.82,0.07
265590,0.29,0.56,1.43,0.82,0.07
265650,0.34,0.56,1.43,0.83,0.09
265710,0.42,0.57,1.43,0.83,0.1
265720,0.43,0.56,1.43,0.83,0.1
265760,0.47,0.58,1.43,0.83,0.06
265850,0.43,0.57,1.43,0.83,0.05
265890,0.43,0.57,1.43,0.83,0.08
265980,0.27,0.56,1.44,0.83,0.08
266000,0.24,0.57,1.44,0.83,0.08
266070,0.21,0.56,1.44,0.83,0.05
266180,0.31,0.56,1.44,0.83,0.09
266220,0.39,0.55,1.44,0.83,0.05
266270,0.36,0.56,1.44,0.83,0.05
266280,0.33,0.56,1.44,0.83,0.08
266400,0.28,0.57,1.44,0.83,0.03
266580,0.38,0.57,1.45,0.83,0.08
266610,0.26,0.55,1.45,0.83,0.08
266640,0.26,0.54,1.45,0.83,0.1
266660,0.23,0.54,1.45,0.83,0.1
266780,0.32,0.56,1.45,0.84,0.06
266850,0.35,0.55,1.45,0.84,0.12
266880,0.34,0.54,1.45,0.84,0.07
266920,0.29,0.55,1.45,0.84,0.07
266940,0.43,0.55,1.45,0.84,0.07
267030,0.38,0.54,1.46,0.84,0.05
267360,0.38,0.56,1.46,0.84,0.22
267540,0.31,0.58,1.47,0.85,0.09
267600,0.28,0.6,1.47,0.85,0.06
267620,0.31,0.59,1.47,0.85,0.06
267680,0.3,0.59,1.47,0.85,0.05
267710,0.23,0.57,1.47,0.85,0.05
267780,0.33,0.57,1.47,0.85,0.05
267860,0.29,0.56,1.47,0.85,0.04
268010,0.3,0.57,1.47,0.85,0.08
268160,0.29,0.57,1.48,0.85,0.06
268300,0.28,0.57,1.48,0.85,0.03
268320,0.3,0.57,1.48,0.85,0.03
268640,0.35,0.61,1.49,0.86,0.03
268650,0.39,0.6,1.49,0.86,0.03
268720,0.23,0.58,1.49,0.86,0.04
268780,0.24,0.58,1.49,0.86,0.04
268790,0.23,0.58,1.49,0.86,0.04
268990,0.28,0.56,1.49,0.86,0.02
269170,0.49,0.56,1.5,0.86,0.08
269270,0.28,0.55,1.5,0.86,0.08
269530,0.22,0.56,1.5,0.86,0.03
269550,0.17,0.55,1.5,0.86,0.03
269840,0.27,0.55,1.5,0.87,0.04
269970,0.22,0.55,1.51,0.87,0.05
269980,0.2,0.55,1.51,0.87,0.05
270190,0.32,0.57,1.51,0.87,0.07
270230,0.27,0.58,1.51,0.87,0.07
270290,0.31,0.58,1.51,0.87,0.17
270340,0.34,0.6,1.52,0.87,0.08
270350,0.32,0.59,1.52,0.87,0.08
270440,0.31,0.6,1.52,0.87,0.11
270520,0.42,0.64,1.52,0.87,0.07
270530,0.43,0.65,1.52,0.87,0.07
270690,0.4,0.63,1.53,0.87,0.07
270730,0.4,0.64,1.53,0.87,0.07
270790,0.37,0.63,1.53,0.88,0.06
270820,0.36,0.65,1.53,0.88,0.06
270850,0.36,0.63,1.53,0.88,0.04
270930,0.32,0.63,1.53,0.88,0.03
271000,0.4,0.61,1.54,0.88,0.11
271010,0.43,0.6,1.54,0.88,0.11
271120,0.7,0.62,1.54,0.88,0.23
271150,0.59,0.63,1.54,0.88,0.16
271260,0.6,0.59,1.55,0.88,0.16
271310,0.32,0.62,1.55,0.88,0.16
271320,0.26,0.62,1.55,0.88,0.1
271430,0.26,0.62,1.55,0.89,0.1
271670,0.27,0.62,1.56,0.89,0.04
272110,0.38,0.63,1.57,0.89,0.08
272410,0.36,0.63,1.58,0.9,0.09
272520,0.3,0.62,1.58,0.9,0.21
272690,0.3,0.61,1.58,0.9,0.08
272790,0.34,0.61,1.58,0.9,0.09
272860,0.4,0.63,1.58,0.9,0.1
273090,0.4,0.61,1.59,0.9,0.08
273170,0.35,0.63,1.59,0.9,0.1
273270,0.35,0.65,1.59,0.91,0.15
273340,0.33,0.63,1.59,0.91,0.1
273470,0.37,0.64,1.6,0.91,0.15
273490,0.41,0.63,1.6,0.91,0.14
273550,0.41,0.63,1.6,0.91,0.16
273570,0.32,0.62,1.6,0.91,0.16
273630,0.41,0.63,1.6,0.91,0.13
273720,0.4,0.65,1.6,0.91,0.12
273890,0.42,0.66,1.61,0.91,0.11
274080,0.38,0.65,1.61,0.91,0.14
274300,0.42,0.65,1.62,0.92,0.12
274370,0.35,0.65,1.62,0.92,0.08
274400,0.35,0.63,1.62,0.92,0.13
274420,0.34,0.62,1.62,0.92,0.13
274580,0.36,0.62,1.63,0.92,0.17
274830,0.5,0.64,1.63,0.92,0.18
274870,0.5,0.63,1.63,0.92,0.26
275030,0.35,0.63,1.63,0.93,0.17
275050,0.41,0.65,1.63,0.93,0.11
275440,0.34,0.64,1.64,0.93,0.06
275540,0.29,0.64,1.64,0.93,0.08
275570,0.33,0.64,1.64,0.93,0.08
275860,0.3,0.62,1.65,0.94,0.08
276010,0.43,0.65,1.65,0.94,0.05
276090,0.27,0.64,1.65,0.94,0.06
276140,0.29,0.64,1.66,0.94,0.03
276170,0.31,0.63,1.66,0.94,0.03
276190,0.3,0.63,1.66,0.94,0.06
276360,0.27,0.65,1.66,0.94,0.03
276380,0.3,0.65,1.66,0.94,0.03
276480,0.32,0.66,1.66,0.94,0.05
276570,0.33,0.67,1.66,0.95,0.03
276770,0.29,0.65,1.67,0.95,0.05
276930,0.37,0.63,1.67,0.95,0.02
277100,0.32,0.62,1.67,0.95,0.05
277200,0.27,0.62,1.67,0.95,0.02
277230,0.3,0.62,1.67,0.95,0.02
277260,0.35,0.63,1.68,0.96,0.04
277270,0.35,0.63,1.68,0.96,0.04
277330,0.33,0.62,1.68,0.96,0.04
277480,0.36,0.63,1.68,0.96,0.08
277610,0.41,0.64,1.68,0.96,0.04
277620,0.39,0.64,1.68,0.96,0.07
277750,0.39,0.64,1.69,0.96,0.06
277930,0.29,0.64,1.69,0.97,0.05
277940,0.23,0.62,1.69,0.97,0.05
278040,0.31,0.62,1.69,0.97,0.05
278220,0.28,0.6,1.7,0.97,0.07
278230,0.24,0.59,1.7,0.97,0.07
278370,0.26,0.61,1.7,0.97,0.05
278510,0.25,0.64,1.7,0.97,0.1
278680,0.3,0.62,1.7,0.98,0.07
278800,0.22,0.61,1.71,0.98,0.05
278820,0.22,0.62,1.71,0.98,0.05
279240,0.2,0.64,1.71,0.98,0.06
279270,0.27,0.65,1.71,0.98,0.06
279350,0.38,0.67,1.72,0.98,0.05
279360,0.4,0.68,1.72,0.98,0.07
279550,0.27,0.66,1.72,0.98,0.11
279580,0.25,0.66,1.72,0.99,0.11
279640,0.33,0.65,1.72,0.99,0.04
279670,0.37,0.65,1.72,0.99,0.04
279810,0.26,0.64,1.72,0.99,0.04
279970,0.36,0.68,1.72,0.99,0.03
279990,0.37,0.68,1.72,0.99,0.03
280130,0.34,0.66,1.73,0.99,0.05
280550,0.41,0.68,1.74,0.99,0.05
280680,0.34,0.67,1.74,1.0,0.09
280890,0.66,0.7,1.75,1.0,0.16
280940,0.57,0.7,1.75,1.0,0.15
281050,0.54,0.71,1.76,1.0,0.15
281090,0.46,0.69,1.76,1.0,0.15
281260,0.59,0.68,1.76,1.01,0.13
281350,0.43,0.66,1.76,1.01,0.05
281360,0.43,0.67,1.76,1.01,0.05
281570,0.4,0.64,1.77,1.01,0.11
281870,0.35,0.64,1.77,1.01,0.07
281950,0.43,0.67,1.78,1.02,0.07
281980,0.44,0.67,1.78,1.02,0.07
281990,0.43,0.66,1.78,1.02,0.07
282020,0.4,0.67,1.78,1.02,0.07
282250,0.33,0.64,1.78,1.02,0.15
282350,0.34,0.65,1.78,1.02,0.14
282430,0.46,0.65,1.79,1.02,0.21
282660,0.68,0.7,1.8,1.03,0.06
282790,0.76,0.7,1.8,1.03,0.08
282890,0.74,0.7,1.81,1.03,0.06
283000,0.77,0.7,1.81,1.03,0.06
283010,0.78,0.7,1.81,1.03,0.06
283200,0.57,0.69,1.82,1.03,0.05
283210,0.6,0.69,1.82,1.03,0.05
283300,0.48,0.68,1.82,1.03,0.08
283360,0.48,0.67,1.83,1.03,0.11
283500,0.74,0.71,1.83,1.04,0.1
283530,0.72,0.73,1.83,1.04,0.1
283590,0.68,0.73,1.83,1.04,0.08
283610,0.56,0.75,1.83,1.04,0.08
283670,0.56,0.72,1.83,1.04,0.09
283680,0.5,0.72,1.83,1.04,0.1
283710,0.55,0.74,1.83,1.04,0.1
283870,0.57,0.7,1.84,1.04,0.1
283940,0.48,0.7,1.84,1.04,0.1
284000,0.5,0.7,1.84,1.04,0.15
284060,0.76,0.69,1.84,1.05,0.14
284270,0.42,0.69,1.85,1.05,0.07
284320,0.37,0.68,1.85,1.05,0.07
284370,0.41,0.64,1.85,1.05,0.15
284430,0.48,0.67,1.85,1.05,0.13
284470,0.47,0.68,1.86,1.05,0.1
284480,0.5,0.68,1.86,1.05,0.1
284500,0.53,0.69,1.86,1.05,0.1
284570,0.49,0.66,1.86,1.05,0.13
284790,0.42,0.67,1.87,1.06,0.05
284820,0.44,0.71,1.87,1.06,0.03
284850,0.44,0.69,1.87,1.06,0.03
284870,0.43,0.66,1.87,1.06,0.03
285040,0.42,0.67,1.87,1.06,0.13
285170,0.43,0.68,1.87,1.06,0.08
285180,0.44,0.68,1.87,1.06,0.17
285310,0.55,0.71,1.88,1.07,0.05
285440,0.44,0.69,1.88,1.07,0.08
285480,0.43,0.69,1.88,1.07,0.04
285600,0.43,0.66,1.88,1.07,0.1
285610,0.49,0.67,1.88,1.07,0.1
285640,0.5,0.69,1.88,1.07,0.1
285740,0.39,0.66,1.89,1.07,0.11
285920,0.49,0.64,1.89,1.07,0.11
285930,0.44,0.64,1.89,1.08,0.11
285980,0.43,0.67,1.89,1.08,0.27
286060,0.34,0.65,1.89,1.08,0.2
286140,0.41,0.66,1.89,1.08,0.24
286150,0.41,0.67,1.9,1.08,0.24
286290,0.51,0.7,1.9,1.08,0.09
286350,0.47,0.68,1.9,1.08,0.15
286370,0.54,0.68,1.9,1.08,0.15
286450,0.54,0.69,1.9,1.08,0.2
286480,0.53,0.71,1.9,1.08,0.2
286490,0.52,0.69,1.9,1.08,0.2
286530,0.51,0.7,1.9,1.08,0.1
286670,0.44,0.71,1.91,1.09,0.08
286930,0.32,0.65,1.91,1.09,0.12
286980,0.36,0.64,1.91,1.09,0.08
287050,0.33,0.63,1.92,1.09,0.14
287210,0.59,0.66,1.92,1.09,0.14
287290,0.48,0.69,1.92,1.09,0.18
287300,0.52,0.68,1.92,1.09,0.18
287510,0.4,0.71,1.93,1.1,0.09
287590,0.33,0.7,1.93,1.1,0.16
287630,0.5,0.7,1.93,1.1,0.16
287870,0.33,0.68,1.93,1.1,0.16
287880,0.34,0.69,1.93,1.1,0.08
287900,0.37,0.69,1.93,1.11,0.08
287920,0.36,0.69,1.93,1.11,0.08
288000,0.37,0.7,1.94,1.11,0.1
288170,0.41,0.69,1.94,1.11,0.09
288190,0.45,0.69,1.94,1.11,0.18
288230,0.4,0.69,1.94,1.11,0.18
288250,0.4,0.69,1.94,1.11,0.11
288340,0.34,0.68,1.94,1.11,0.2
288410,0.33,0.69,1.95,1.11,0.17
288540,0.35,0.7,1.95,1.11,0.16
288700,0.33,0.69,1.95,1.12,0.08
288830,0.3,0.68,1.95,1.12,0.08
288840,0.34,0.69,1.95,1.12,0.14
288920,0.37,0.71,1.95,1.12,0.09
289040,0.33,0.7,1.96,1.12,0.11
289050,0.33,0.7,1.96,1.12,0.11
289060,0.34,0.7,1.96,1.12,0.11
289190,0.29,0.69,1.96,1.12,0.14
289350,0.38,0.66,1.96,1.12,0.14
289400,0.37,0.67,1.96,1.12,0.09
289410,0.39,0.67,1.96,1.12,0.09
289650,0.33,0.7,1.97,1.13,0.07
289680,0.28,0.68,1.97,1.13,0.11
289720,0.22,0.67,1.97,1.13,0.11
289820,0.25,0.68,1.97,1.13,0.03
289850,0.3,0.68,1.97,1.13,0.03
289910,0.34,0.7,1.97,1.13,0.08
289920,0.33,0.71,1.97,1.13,0.1
290010,0.33,0.7,1.97,1.13,0.25
290050,0.32,0.71,1.97,1.13,0.21
290210,0.35,0.7,1.97,1.13,0.1
290220,0.38,0.7,1.97,1.13,0.06
290270,0.33,0.7,1.97,1.13,0.06
290330,0.37,0.72,1.98,1.13,0.07
290480,0.62,0.69,1.98,1.14,0.11
290540,0.52,0.72,1.98,1.14,0.24
290570,0.48,0.72,1.98,1.14,0.24
290660,0.43,0.72,1.99,1.14,0.1
290800,0.4,0.71,1.99,1.14,0.17
290840,0.4,0.72,1.99,1.14,0.22
290860,0.4,0.72,1.99,1.14,0.22
290930,0.58,0.71,1.99,1.14,0.19
291190,0.53,0.72,2.0,1.15,0.12
291200,0.42,0.71,2.0,1.15,0.12
291450,0.45,0.7,2.0,1.15,0.06
291460,0.36,0.69,2.0,1.15,0.06
291500,0.3,0.69,2.0,1.15,0.06
291760,0.52,0.76,2.01,1.15,0.07
291790,0.6,0.79,2.01,1.15,0.09
291900,0.48,0.77,2.01,1.16,0.12
291920,0.51,0.79,2.01,1.16,0.12
291940,0.54,0.8,2.01,1.16,0.12
292120,0.46,0.74,2.02,1.16,0.11
292130,0.46,0.74,2.02,1.16,0.11
292180,0.48,0.74,2.02,1.16,0.14
292400,0.4,0.71,2.03,1.16,0.16
292490,0.5,0.71,2.03,1.17,0.31
292580,0.42,0.7,2.03,1.17,0.1
292750,0.38,0.7,2.03,1.17,0.12
292920,0.38,0.71,2.04,1.17,0.15
293000,0.34,0.71,2.04,1.17,0.09
293120,0.37,0.73,2.04,1.17,0.09
293250,0.39,0.72,2.04,1.18,0.07
293390,0.41,0.74,2.04,1.18,0.04
293420,0.42,0.73,2.05,1.18,0.08
293720,0.34,0.72,2.05,1.18,0.09
293730,0.34,0.72,2.05,1.18,0.09
293830,0.31,0.7,2.06,1.18,0.09
293920,0.44,0.73,2.06,1.18,0.08
294010,0.49,0.72,2.06,1.19,0.06
294100,0.32,0.71,2.06,1.19,0.03
294160,0.34,0.73,2.06,1.19,0.03
294290,0.42,0.73,2.06,1.19,0.05
294400,0.38,0.73,2.07,1.19,0.1
294440,0.36,0.74,2.07,1.19,0.03
294950,0.27,0.71,2.07,1.2,0.03
295260,0.29,0.75,2.08,1.2,0.03
295350,0.5,0.76,2.08,1.2,0.06
295360,0.47,0.77,2.08,1.2,0.06
295430,0.44,0.74,2.08,1.2,0.08
295450,0.43,0.73,2.08,1.2,0.04
295470,0.41,0.73,2.08,1.21,0.04
295500,0.24,0.72,2.08,1.21,0.04
295540,0.35,0.73,2.08,1.21,0.04
295600,0.44,0.78,2.08,1.21,0.06
295630,0.38,0.77,2.08,1.21,0.08
295690,0.41,0.77,2.09,1.21,0.13
295780,0.4,0.77,2.09,1.21,0.13
295790,0.43,0.77,2.09,1.21,0.13
295800,0.41,0.76,2.09,1.21,0.09
296080,0.29,0.73,2.09,1.21,0.04
296160,0.41,0.76,2.09,1.21,0.05
296180,0.3,0.73,2.09,1.21,0.05
296210,0.41,0.74,2.09,1.21,0.05
296500,0.53,0.79,2.1,1.22,0.17
296540,0.24,0.69,2.1,1.22,0.27
296610,0.45,0.71,2.1,1.22,0.1
296680,0.36,0.73,2.1,1.22,0.09
296730,0.33,0.71,2.1,1.22,0.1
296740,0.35,0.72,2.1,1.22,0.1
296790,0.36,0.74,2.1,1.22,0.06
296820,0.41,0.74,2.1,1.22,0.04
296870,0.35,0.73,2.1,1.22,0.04
296980,0.27,0.69,2.11,1.23,0.07
297010,0.29,0.69,2.11,1.23,0.04
297080,0.35,0.72,2.11,1.23,0.03
297180,0.3,0.7,2.11,1.23,0.06
297250,0.33,0.7,2.11,1.23,0.05
297300,0.36,0.71,2.11,1.23,0.06
297380,0.28,0.69,2.11,1.23,0.31
297500,0.28,0.7,2.11,1.23,0.21
297550,0.43,0.7,2.11,1.23,0.09
297590,0.38,0.7,2.12,1.23,0.09
297630,0.33,0.7,2.12,1.23,0.04
297750,0.36,0.72,2.12,1.24,0.18
297800,0.36,0.72,2.12,1.24,0.03
297850,0.35,0.71,2.12,1.24,0.02
298070,0.4,0.73,2.12,1.24,0.03
298110,0.42,0.73,2.12,1.24,0.06
298160,0.33,0.73,2.12,1.24,0.04
298220,0.41,0.75,2.12,1.24,0.06
298260,0.39,0.75,2.13,1.24,0.05
298300,0.4,0.75,2.13,1.24,0.05
298350,0.36,0.74,2.13,1.24,0.09
298390,0.38,0.72,2.13,1.25,0.16
298670,0.35,0.71,2.13,1.25,0.06
298730,0.34,0.73,2.13,1.25,0.09
298740,0.3,0.73,2.13,1.25,0.11
298780,0.27,0.73,2.13,1.25,0.11
298810,0.31,0.71,2.13,1.25,0.1
298830,0.33,0.71,2.13,1.25,0.1
298910,0.39,0.74,2.14,1.25,0.06
298930,0.41,0.74,2.14,1.25,0.1
299140,0.58,0.76,2.14,1.26,0.14
299150,0.61,0.77,2.14,1.26,0.14
299190,0.58,0.75,2.14,1.26,0.15
299350,0.5,0.74,2.15,1.26,0.09
299510,0.43,0.75,2.15,1.27,0.05
299560,0.38,0.75,2.16,1.27,0.04
299630,0.4,0.75,2.16,1.27,0.05
299720,0.43,0.76,2.16,1.27,0.07
299730,0.46,0.76,2.16,1.27,0.07
299760,0.42,0.75,2.16,1.27,0.06
299790,0.35,0.75,2.16,1.27,0.06
299920,0.41,0.75,2.16,1.27,0.12
300270,0.17,0.74,2.17,1.28,0.02
300370,0.31,0.76,2.17,1.28,0.02
300820,0.19,0.73,2.18,1.29,0.02
300860,0.17,0.74,2.18,1.29,0.04
301000,0.22,0.74,2.18,1.29,0.03
301060,0.28,0.74,2.18,1.29,0.04
301220,0.18,0.74,2.18,1.29,0.06
301430,0.29,0.76,2.19,1.29,0.04
301490,0.28,0.76,2.19,1.29,0.03
301500,0.34,0.77,2.19,1.29,0.04
301680,0.35,0.79,2.19,1.3,0.04
301690,0.42,0.79,2.19,1.3,0.04
301730,0.31,0.79,2.19,1.3,0.04
301760,0.32,0.8,2.19,1.3,0.05
301820,0.28,0.79,2.19,1.3,0.03
301900,0.27,0.79,2.19,1.3,0.03
301990,0.28,0.79,2.19,1.3,0.03
302130,0.21,0.77,2.19,1.3,0.02
302200,0.21,0.75,2.2,1.3,0.04
302360,0.37,0.78,2.2,1.31,0.04
302380,0.35,0.78,2.2,1.31,0.04
302480,0.25,0.79,2.2,1.31,0.04
302880,0.35,0.81,2.2,1.31,0.03
303320,0.35,0.81,2.21,1.32,0.02
303950,0.23,0.79,2.22,1.33,0.06
304050,0.18,0.79,2.22,1.33,0.07
304130,0.3,0.79,2.22,1.33,0.05
304160,0.28,0.8,2.22,1.33,0.06
304180,0.19,0.8,2.22,1.33,0.06
304220,0.2,0.8,2.22,1.33,0.05
304290,0.3,0.81,2.22,1.33,0.05
304300,0.27,0.81,2.22,1.33,0.05
304360,0.54,0.81,2.22,1.33,0.05
304550,0.65,0.84,2.22,1.33,0.03
304580,0.6,0.84,2.22,1.33,0.09
304610,0.27,0.82,2.22,1.33,0.09
304650,0.16,0.8,2.23,1.33,0.09
304800,0.16,0.79,2.23,1.34,0.03
304900,0.21,0.82,2.23,1.34,0.05
304930,0.3,0.82,2.23,1.34,0.05
305000,0.3,0.82,2.23,1.34,0.15
305260,0.28,0.85,2.23,1.34,0.02
305280,0.28,0.84,2.23,1.34,0.03
305320,0.29,0.84,2.23,1.34,0.03
305410,0.34,0.82,2.23,1.35,0.03
305570,0.37,0.82,2.24,1.35,0.03
305680,0.29,0.82,2.24,1.35,0.02
305810,0.29,0.8,2.24,1.35,0.03
305820,0.29,0.8,2.24,1.35,0.03
305830,0.3,0.8,2.24,1.35,0.03
306120,0.2,0.79,2.24,1.36,0.03
306210,0.19,0.78,2.24,1.36,0.05
306440,0.15,0.78,2.25,1.36,0.03
306540,0.26,0.8,2.25,1.36,0.02
306550,0.26,0.8,2.25,1.36,0.02
306560,0.25,0.8,2.25,1.36,0.02
306640,0.23,0.81,2.25,1.36,0.03
306650,0.23,0.81,2.25,1.36,0.03
306680,0.26,0.82,2.25,1.36,0.06
306950,0.3,0.82,2.25,1.36,0.06
307130,0.28,0.82,2.26,1.37,0.04
307160,0.24,0.82,2.26,1.37,0.03
307300,0.35,0.81,2.26,1.37,0.02
307330,0.43,0.8,2.26,1.37,0.04
307420,0.42,0.81,2.26,1.37,0.03
307560,0.4,0.8,2.26,1.37,0.04
307570,0.41,0.8,2.26,1.37,0.04
307610,0.4,0.8,2.26,1.37,0.04
307630,0.34,0.8,2.26,1.37,0.04
307810,0.15,0.77,2.27,1.37,0.02
307880,0.21,0.79,2.27,1.37,0.02
308290,0.24,0.81,2.27,1.38,0.05
308480,0.26,0.81,2.27,1.38,0.04
308590,0.24,0.81,2.27,1.38,0.04
308690,0.22,0.8,2.27,1.38,0.02
308710,0.24,0.81,2.27,1.38,0.03
308730,0.24,0.8,2.27,1.38,0.03
308880,0.27,0.83,2.28,1.38,0.03
308930,0.23,0.82,2.28,1.38,0.03
308970,0.25,0.83,2.28,1.38,0.02
309330,0.43,0.82,2.28,1.38,0.03
309340,0.43,0.82,2.28,1.38,0.03
309420,0.43,0.82,2.29,1.38,0.04
309560,0.26,0.81,2.29,1.38,0.06
309760,0.43,0.84,2.29,1.39,0.11
309770,0.38,0.84,2.29,1.39,0.11
309880,0.5,0.83,2.29,1.39,0.07
310000,0.47,0.86,2.29,1.39,0.07
310260,0.4,0.85,2.3,1.39,0.11
310280,0.41,0.84,2.3,1.39,0.11
310440,0.36,0.85,2.3,1.4,0.12
310650,0.39,0.86,2.3,1.4,0.11
310900,0.3,0.83,2.31,1.4,0.15
311260,0.24,0.8,2.32,1.41,0.07
311310,0.26,0.79,2.32,1.41,0.05
311320,0.24,0.8,2.32,1.41,0.05
311640,0.35,0.76,2.32,1.42,0.04
311700,0.33,0.7,2.32,1.42,0.05
311730,0.35,0.7,2.33,1.42,0.05
311760,0.33,0.72,2.33,1.42,0.12
311830,0.36,0.73,2.33,1.42,0.17
311860,0.36,0.74,2.33,1.42,0.17
311870,0.38,0.74,2.33,1.42,0.17
311900,0.34,0.74,2.33,1.42,0.18
312090,0.28,0.75,2.33,1.42,0.08
312230,0.34,0.75,2.34,1.42,0.07
312280,0.34,0.75,2.34,1.43,0.09
312340,0.35,0.77,2.34,1.43,0.07
312400,0.31,0.77,2.34,1.43,0.1
312430,0.3,0.77,2.34,1.43,0.06
312630,0.28,0.76,2.34,1.43,0.11
312670,0.26,0.77,2.34,1.43,0.09
312680,0.25,0.77,2.34,1.43,0.09
313080,0.26,0.79,2.35,1.44,0.07
313090,0.29,0.79,2.35,1.44,0.07
313170,0.37,0.76,2.35,1.44,0.1
313270,0.48,0.79,2.35,1.44,0.15
313560,0.32,0.77,2.36,1.44,0.12
313770,0.25,0.76,2.36,1.45,0.1
313800,0.26,0.77,2.36,1.45,0.25
314140,0.28,0.81,2.36,1.45,0.08
314180,0.43,0.82,2.37,1.45,0.04
314210,0.35,0.82,2.37,1.45,0.04
314260,0.33,0.81,2.37,1.45,0.06
314290,0.37,0.81,2.37,1.45,0.04
314300,0.35,0.81,2.37,1.45,0.04
314440,0.32,0.81,2.37,1.45,0.11
314460,0.31,0.81,2.37,1.45,0.06
314490,0.35,0.81,2.37,1.45,0.06
314560,0.26,0.79,2.37,1.45,0.05
314820,0.34,0.79,2.38,1.46,0.06
314950,0.36,0.8,2.38,1.46,0.05
314980,0.35,0.81,2.38,1.46,0.05
315050,0.33,0.82,2.38,1.46,0.18
315070,0.39,0.82,2.38,1.46,0.06
315130,0.32,0.8,2.38,1.46,0.1
315310,0.29,0.8,2.38,1.47,0.04
315360,0.43,0.78,2.38,1.47,0.04
315510,0.27,0.79,2.39,1.47,0.08
315520,0.27,0.79,2.39,1.47,0.08
315590,0.26,0.78,2.39,1.47,0.09
315670,0.24,0.79,2.39,1.47,0.04
315730,0.26,0.79,2.39,1.47,0.05
316190,0.27,0.8,2.4,1.48,0.11
316210,0.32,0.81,2.4,1.48,0.09
316330,0.27,0.81,2.4,1.48,0.04
316380,0.38,0.8,2.4,1.48,0.09
316580,0.35,0.83,2.4,1.48,0.05
316670,0.32,0.83,2.4,1.49,0.08
316730,0.37,0.84,2.4,1.49,0.06
316870,0.38,0.84,2.4,1.49,0.08
316910,0.39,0.83,2.41,1.49,0.08
317140,0.31,0.81,2.41,1.49,0.18
317220,0.34,0.85,2.41,1.5,0.24
317380,0.29,0.84,2.41,1.5,0.08
317450,0.29,0.83,2.41,1.5,0.09
317700,0.36,0.83,2.42,1.5,0.08
317840,0.35,0.84,2.42,1.51,0.06
317920,0.3,0.84,2.42,1.51,0.05
318000,0.31,0.85,2.42,1.51,0.04
318250,0.43,0.83,2.43,1.51,0.07
318310,0.4,0.85,2.43,1.51,0.09
318400,0.39,0.86,2.43,1.52,0.1
318500,0.35,0.84,2.43,1.52,0.09
318520,0.34,0.84,2.43,1.52,0.09
318640,0.37,0.83,2.43,1.52,0.06
318700,0.46,0.84,2.43,1.52,0.11
318750,0.34,0.83,2.44,1.52,0.16
318840,0.35,0.84,2.44,1.52,0.07
318920,0.38,0.83,2.44,1.53,0.12
318950,0.33,0.83,2.44,1.53,0.12
318960,0.36,0.83,2.44,1.53,0.08
319070,0.33,0.84,2.44,1.53,0.09
319190,0.35,0.84,2.44,1.53,0.06
319230,0.32,0.84,2.44,1.53,0.06
319260,0.34,0.85,2.44,1.53,0.1
319290,0.37,0.85,2.44,1.53,0.1
319410,0.27,0.82,2.45,1.53,0.06
319570,0.34,0.85,2.45,1.54,0.05
319700,0.35,0.86,2.45,1.54,0.03
319750,0.36,0.86,2.45,1.54,0.06
319800,0.41,0.86,2.45,1.54,0.04
319810,0.4,0.86,2.45,1.54,0.04
319910,0.33,0.86,2.46,1.54,0.05
320080,0.28,0.86,2.46,1.55,0.02
320120,0.29,0.86,2.46,1.55,0.06
320130,0.3,0.86,2.46,1.55,0.06
320260,0.25,0.85,2.46,1.55,0.12
320390,0.28,0.84,2.46,1.55,0.09
320430,0.27,0.85,2.46,1.55,0.05
320490,0.32,0.86,2.46,1.55,0.03
320580,0.28,0.86,2.46,1.55,0.08
320680,0.34,0.88,2.47,1.55,0.05
320790,0.37,0.91,2.47,1.56,0.09
321150,0.26,0.86,2.47,1.56,0.05
321320,0.31,0.87,2.48,1.56,0.04
321460,0.34,0.89,2.48,1.57,0.05
321520,0.36,0.91,2.48,1.57,0.05
321580,0.38,0.92,2.48,1.57,0.04
321590,0.37,0.93,2.48,1.57,0.04
321600,0.4,0.93,2.48,1.57,0.06
321660,0.36,0.92,2.48,1.57,0.06
321730,0.43,0.92,2.48,1.57,0.04
321830,0.54,0.92,2.48,1.57,0.05
321950,0.47,0.94,2.49,1.57,0.06
321980,0.43,0.93,2.49,1.57,0.06
322110,0.43,0.94,2.49,1.58,0.04
322150,0.41,0.95,2.49,1.58,0.06
322200,0.41,0.93,2.49,1.58,0.05
322250,0.45,0.94,2.49,1.58,0.05
322320,0.41,0.95,2.49,1.58,0.08
322990,0.29,0.88,2.51,1.59,0.08
323080,0.4,0.89,2.51,1.59,0.08
323150,0.3,0.88,2.51,1.59,0.05
323190,0.34,0.89,2.51,1.59,0.08
323200,0.34,0.89,2.51,1.59,0.08
323210,0.33,0.89,2.51,1.59,0.08
323220,0.31,0.89,2.51,1.59,0.07
323240,0.32,0.89,2.51,1.59,0.07
323300,0.28,0.89,2.51,1.59,0.04
323350,0.35,0.9,2.51,1.59,0.03
323460,0.29,0.89,2.52,1.59,0.03
323560,0.27,0.88,2.52,1.59,0.04
323670,0.24,0.88,2.52,1.6,0.04
323720,0.26,0.9,2.52,1.6,0.03
323790,0.42,0.91,2.52,1.6,0.02
324100,0.42,0.94,2.52,1.6,0.12
324220,0.39,0.94,2.53,1.6,0.05
324590,0.4,0.94,2.53,1.61,0.08
324660,0.39,0.96,2.53,1.61,0.08
324680,0.37,0.95,2.53,1.61,0.08
324690,0.36,0.95,2.53,1.61,0.08
324710,0.37,0.96,2.53,1.61,0.08
324820,0.29,0.95,2.54,1.61,0.07
325060,0.36,0.96,2.54,1.62,0.04
325190,0.39,0.98,2.54,1.62,0.06
325220,0.58,0.98,2.54,1.62,0.05
325330,0.49,0.97,2.54,1.62,0.03
325430,0.33,0.91,2.54,1.62,0.04
325600,0.29,0.91,2.55,1.62,0.03
325620,0.41,0.92,2.55,1.62,0.07
325710,0.29,0.91,2.55,1.62,0.12
325720,0.32,0.91,2.55,1.62,0.12
325760,0.28,0.91,2.55,1.63,0.05
325830,0.41,0.92,2.55,1.63,0.02
325910,0.32,0.9,2.55,1.63,0.07
325960,0.28,0.91,2.55,1.63,0.07
326090,0.27,0.91,2.55,1.63,0.03
326110,0.31,0.91,2.55,1.63,0.03
326190,0.28,0.9,2.55,1.63,0.03
326280,0.46,0.92,2.56,1.63,0.03
326370,0.24,0.92,2.56,1.63,0.03
326380,0.27,0.92,2.56,1.63,0.03
326420,0.35,0.92,2.56,1.63,0.03
326450,0.43,0.92,2.56,1.63,0.03
326490,0.31,0.93,2.56,1.63,0.02
326500,0.3,0.93,2.56,1.63,0.02
326520,0.32,0.92,2.56,1.63,0.05
326530,0.28,0.92,2.56,1.63,0.05
326650,0.53,0.93,2.56,1.64,0.03
326740,0.31,0.93,2.56,1.64,0.02
326760,0.33,0.92,2.56,1.64,0.03
326950,0.26,0.92,2.57,1.64,0.03
327010,0.25,0.91,2.57,1.64,0.05
327200,0.28,0.92,2.57,1.64,0.03
327250,0.31,0.92,2.57,1.64,0.04
327430,0.39,0.92,2.57,1.65,0.05
327490,0.46,0.92,2.57,1.65,0.03
327600,0.29,0.91,2.57,1.65,0.05
327630,0.27,0.91,2.58,1.65,0.05
327780,0.31,0.93,2.58,1.65,0.05
327880,0.32,0.93,2.58,1.65,0.04
327890,0.39,0.93,2.58,1.65,0.04
328140,0.24,0.93,2.58,1.65,0.03
328250,0.23,0.92,2.58,1.66,0.03
328300,0.22,0.92,2.58,1.66,0.03
328320,0.48,0.92,2.58,1.66,0.02
328370,0.41,0.93,2.58,1.66,0.02
328450,0.28,0.93,2.59,1.66,0.02
328710,0.26,0.92,2.59,1.66,0.03
328820,0.25,0.93,2.59,1.66,0.03
328830,0.27,0.92,2.59,1.66,0.03
328870,0.28,0.92,2.59,1.66,0.03
329050,0.3,0.93,2.59,1.67,0.03
329070,0.28,0.93,2.6,1.67,0.03
329190,0.24,0.93,2.6,1.67,0.04
329250,0.24,0.93,2.6,1.67,0.02
329390,0.27,0.93,2.6,1.67,0.03
329400,0.25,0.93,2.6,1.67,0.03
329460,0.27,0.94,2.6,1.67,0.06
329580,0.38,0.94,2.6,1.67,0.04
329730,0.49,0.95,2.61,1.68,0.04
329870,0.49,0.95,2.61,1.68,0.03
329980,0.28,0.96,2.61,1.68,0.03
330000,0.34,0.96,2.61,1.68,0.04
330030,0.3,0.95,2.61,1.68,0.04
330270,0.21,0.93,2.61,1.68,0.02
330280,0.19,0.93,2.61,1.68,0.02
330300,0.37,0.95,2.61,1.68,0.03
330330,0.25,0.94,2.61,1.68,0.03
330370,0.37,0.94,2.61,1.68,0.04
330500,0.28,0.95,2.62,1.69,0.03
330590,0.36,0.97,2.62,1.69,0.04
330650,0.47,0.96,2.62,1.69,0.04
330750,0.32,0.97,2.62,1.69,0.03
330770,0.29,0.96,2.62,1.69,0.03
331010,0.3,0.96,2.62,1.69,0.04
331260,0.23,0.93,2.63,1.69,0.02
331370,0.24,0.94,2.63,1.7,0.03
331380,0.23,0.94,2.63,1.7,0.03
331490,0.27,0.95,2.63,1.7,0.03
331620,0.3,0.96,2.63,1.7,0.03
331630,0.32,0.96,2.63,1.7,0.03
331680,0.27,0.96,2.63,1.7,0.03
331710,0.29,0.96,2.63,1.7,0.03
331750,0.37,0.95,2.63,1.7,0.03
331800,0.27,0.96,2.63,1.7,0.03
331850,0.52,0.97,2.63,1.7,0.03
331970,0.24,0.96,2.64,1.7,0.04
332060,0.35,0.95,2.64,1.71,0.03
332120,0.46,0.96,2.64,1.71,0.03
332160,0.29,0.96,2.64,1.71,0.03
332250,0.24,0.95,2.64,1.71,0.03
332270,0.28,0.95,2.64,1.71,0.03
332380,0.3,0.95,2.64,1.71,0.05
332390,0.31,0.95,2.65,1.71,0.05
332400,0.37,0.95,2.65,1.71,0.05
332440,0.28,0.96,2.65,1.71,0.05
332600,0.32,0.96,2.65,1.72,0.03
332630,0.36,0.97,2.65,1.72,0.03
332790,0.23,0.94,2.65,1.72,0.03
332820,0.26,0.94,2.65,1.72,0.03
332850,0.27,0.95,2.65,1.72,0.03
332960,0.27,0.93,2.66,1.72,0.04
333010,0.28,0.93,2.66,1.72,0.04
333130,0.36,0.93,2.66,1.72,0.04
333180,0.26,0.93,2.66,1.73,0.04
333280,0.28,0.93,2.66,1.73,0.03
333370,0.23,0.93,2.66,1.73,0.04
333380,0.22,0.93,2.66,1.73,0.04
333410,0.24,0.93,2.66,1.73,0.04
333660,0.27,0.93,2.67,1.73,0.04
333870,0.35,0.95,2.67,1.74,0.04
333880,0.27,0.95,2.67,1.74,0.04
333970,0.34,0.96,2.67,1.74,0.03
334040,0.32,0.96,2.68,1.74,0.04
334050,0.35,0.96,2.68,1.74,0.04
334080,0.29,0.95,2.68,1.74,0.06
334150,0.31,0.96,2.68,1.74,0.04
334240,0.35,0.95,2.68,1.74,0.05
334250,0.28,0.95,2.68,1.74,0.05
334380,0.3,0.97,2.68,1.74,0.04
334400,0.35,0.97,2.68,1.74,0.04
334430,0.31,0.96,2.68,1.75,0.04
334540,0.31,0.96,2.69,1.75,0.05
334560,0.35,0.96,2.69,1.75,0.04
334630,0.3,0.95,2.69,1.75,0.05
334640,0.45,0.98,2.69,1.75,0.05
334710,0.3,0.95,2.69,1.75,0.09
334760,0.3,0.93,2.69,1.75,0.07
334810,0.3,0.93,2.69,1.75,0.06
334980,0.42,0.97,2.69,1.75,0.09
335030,0.45,0.97,2.69,1.75,0.09
335060,0.4,0.97,2.69,1.75,0.06
335250,0.39,0.95,2.7,1.76,0.08
335360,0.31,0.95,2.7,1.76,0.05
335520,0.33,0.94,2.7,1.76,0.06
335560,0.44,0.93,2.7,1.76,0.06
335700,0.31,0.94,2.71,1.76,0.03
335810,0.29,0.93,2.71,1.77,0.05
336090,0.41,0.96,2.72,1.77,0.08
336100,0.39,0.96,2.72,1.77,0.08
336310,0.33,0.97,2.72,1.77,0.04
336440,0.54,0.97,2.72,1.77,0.06
336500,0.32,0.94,2.72,1.77,0.09
336730,0.36,0.94,2.73,1.78,0.08
337140,0.35,0.94,2.74,1.79,0.06
337190,0.31,0.94,2.74,1.79,0.06
337200,0.29,0.93,2.74,1.79,0.07
337270,0.35,0.94,2.74,1.79,0.11
337340,0.3,0.94,2.74,1.79,0.07
337430,0.32,0.95,2.75,1.79,0.07
337540,0.42,0.97,2.75,1.79,0.04
337660,0.22,0.94,2.75,1.79,0.05
337680,0.28,0.95,2.75,1.79,0.06
337700,0.26,0.95,2.75,1.79,0.06
337720,0.32,0.95,2.75,1.79,0.06
337810,0.45,0.96,2.75,1.8,0.09
337820,0.44,0.96,2.75,1.8,0.09
337840,0.35,0.96,2.76,1.8,0.09
337850,0.39,0.96,2.76,1.8,0.09
337890,0.39,0.97,2.76,1.8,0.08
337930,0.58,0.98,2.76,1.8,0.05
337940,0.55,0.94,2.76,1.8,0.05
338050,0.32,0.8,2.76,1.8,0.46
338240,0.28,0.81,2.77,1.8,0.1
338270,0.32,0.81,2.77,1.8,0.1
338300,0.23,0.8,2.77,1.8,0.1
338370,0.31,0.81,2.77,1.8,0.09
338670,0.44,0.86,2.78,1.81,0.1
338710,0.4,0.85,2.78,1.81,0.06
338900,0.48,0.84,2.78,1.81,0.22
338920,0.43,0.84,2.78,1.81,0.22
338960,0.29,0.83,2.79,1.81,0.13
338990,0.32,0.84,2.79,1.81,0.13
339000,0.32,0.84,2.79,1.81,0.1
339060,0.35,0.82,2.79,1.81,0.08
339180,0.31,0.82,2.79,1.82,0.06
339220,0.27,0.81,2.79,1.82,0.06
339350,0.24,0.82,2.79,1.82,0.1
339370,0.3,0.83,2.79,1.82,0.06
339730,0.39,0.83,2.8,1.83,0.05
339800,0.4,0.85,2.8,1.83,0.05
339830,0.37,0.84,2.81,1.83,0.05
339870,0.31,0.83,2.81,1.83,0.06
339970,0.29,0.83,2.81,1.83,0.05
340030,0.3,0.83,2.81,1.83,0.05
340040,0.3,0.83,2.81,1.83,0.05
340120,0.44,0.85,2.81,1.83,0.05
340530,0.31,0.87,2.82,1.84,0.04
340820,0.39,0.87,2.82,1.85,0.07
340950,0.32,0.87,2.83,1.85,0.03
341150,0.35,0.87,2.83,1.85,0.03
341440,0.27,0.86,2.83,1.85,0.03
341480,0.28,0.87,2.83,1.86,0.02
341510,0.4,0.87,2.83,1.86,0.02
341540,0.35,0.88,2.83,1.86,0.08
341670,0.31,0.88,2.84,1.86,0.06
341720,0.29,0.88,2.84,1.86,0.04
341860,0.32,0.88,2.84,1.86,0.04
342080,0.44,0.88,2.84,1.86,0.05
342290,0.29,0.85,2.85,1.87,0.06
342330,0.26,0.84,2.85,1.87,0.06
342360,0.31,0.84,2.85,1.87,0.05
342370,0.33,0.84,2.85,1.87,0.05
342520,0.33,0.85,2.85,1.87,0.12
342550,0.34,0.84,2.85,1.87,0.09
342580,0.3,0.85,2.85,1.87,0.09
342610,0.36,0.86,2.85,1.87,0.11
342720,0.29,0.86,2.85,1.87,0.12
342730,0.33,0.86,2.85,1.87,0.12
342760,0.59,0.88,2.85,1.87,0.12
342820,0.28,0.87,2.86,1.88,0.18
342890,0.31,0.86,2.86,1.88,0.05
342980,0.28,0.84,2.86,1.88,0.05
342990,0.33,0.84,2.86,1.88,0.05
343070,0.42,0.86,2.86,1.88,0.06
343140,0.47,0.85,2.86,1.88,0.05
343190,0.39,0.85,2.87,1.88,0.05
343410,0.3,0.85,2.87,1.89,0.06
343640,0.34,0.86,2.87,1.89,0.09
343720,0.35,0.85,2.87,1.89,0.05
343750,0.3,0.85,2.88,1.89,0.11
343820,0.34,0.85,2.88,1.89,0.06
343890,0.38,0.87,2.88,1.9,0.03
343920,0.34,0.87,2.88,1.9,0.07
344140,0.28,0.85,2.88,1.9,0.04
344360,0.41,0.86,2.89,1.9,0.17
344460,0.44,0.86,2.89,1.91,0.05
344480,0.4,0.86,2.89,1.91,0.05
344490,0.4,0.86,2.89,1.91,0.05
344580,0.31,0.86,2.89,1.91,0.03
344620,0.3,0.86,2.89,1.91,0.03
344680,0.39,0.86,2.89,1.91,0.05
344730,0.33,0.86,2.89,1.91,0.07
344750,0.29,0.86,2.89,1.91,0.07
344800,0.29,0.86,2.89,1.91,0.04
344820,0.29,0.86,2.89,1.91,0.05
344950,0.37,0.87,2.9,1.91,0.05
345040,0.32,0.86,2.9,1.92,0.1
345070,0.32,0.86,2.9,1.92,0.05
345150,0.43,0.86,2.9,1.92,0.05
345200,0.29,0.86,2.9,1.92,0.07
345420,0.35,0.9,2.9,1.92,0.03
345430,0.35,0.9,2.91,1.92,0.03
345550,0.32,0.89,2.91,1.92,0.05
345590,0.28,0.87,2.91,1.92,0.05
345600,0.25,0.87,2.91,1.92,0.05
345760,0.29,0.88,2.91,1.93,0.07
345810,0.38,0.89,2.91,1.93,0.04
345820,0.41,0.89,2.91,1.93,0.04
345870,0.36,0.89,2.91,1.93,0.1
346010,0.41,0.85,2.91,1.93,0.05
346080,0.51,0.86,2.91,1.93,0.38
346170,0.37,0.83,2.92,1.93,0.12
346180,0.36,0.83,2.92,1.93,0.12
346190,0.45,0.83,2.92,1.93,0.12
346210,0.39,0.83,2.92,1.93,0.09
346550,0.39,0.84,2.93,1.94,0.04
346580,0.37,0.84,2.93,1.94,0.08
346600,0.38,0.84,2.93,1.94,0.08
346620,0.35,0.84,2.93,1.94,0.03
346860,0.46,0.89,2.93,1.95,0.09
346970,0.45,0.86,2.93,1.95,0.15
347010,0.45,0.88,2.94,1.95,0.16
347040,0.36,0.86,2.94,1.95,0.11
347050,0.4,0.84,2.94,1.95,0.11
347070,0.43,0.85,2.94,1.95,0.11
347080,0.46,0.85,2.94,1.95,0.11
347140,0.37,0.85,2.94,1.95,0.13
347200,0.34,0.84,2.94,1.95,0.08
347240,0.42,0.86,2.94,1.95,0.14
347360,0.45,0.85,2.94,1.96,0.12
347530,0.44,0.91,2.95,1.96,0.06
347560,0.41,0.91,2.95,1.96,0.06
347640,0.38,0.9,2.95,1.96,0.05
347660,0.36,0.87,2.95,1.96,0.05
348010,0.33,0.87,2.95,1.97,0.11
348040,0.28,0.86,2.95,1.97,0.11
348070,0.27,0.85,2.96,1.97,0.03
348240,0.38,0.86,2.96,1.97,0.06
348250,0.4,0.87,2.96,1.97,0.06
348320,0.38,0.86,2.96,1.97,0.07
348440,0.34,0.86,2.96,1.97,0.05
348590,0.33,0.88,2.96,1.98,0.04
348690,0.36,0.88,2.97,1.98,0.05
348810,0.34,0.85,2.97,1.98,0.05
349030,0.36,0.86,2.97,1.98,0.14
349180,0.35,0.84,2.98,1.99,0.05
349190,0.34,0.84,2.98,1.99,0.05
349260,0.38,0.86,2.98,1.99,0.07
349270,0.39,0.86,2.98,1.99,0.07
349350,0.4,0.87,2.98,1.99,0.09
349450,0.41,0.89,2.98,1.99,0.06
349590,0.38,0.91,2.99,2.0,0.03
349640,0.39,0.93,2.99,2.0,0.06
349680,0.36,0.9,2.99,2.0,0.05
350030,0.34,0.88,2.99,2.0,0.1
350090,0.36,0.88,2.99,2.0,0.05
350110,0.38,0.87,2.99,2.0,0.11
350210,0.42,0.87,3.0,2.01,0.09
350260,0.36,0.87,3.0,2.01,0.09
350350,0.3,0.86,3.0,2.01,0.1
350440,0.45,0.91,3.0,2.01,0.06
350480,0.46,0.94,3.0,2.01,0.24
350550,0.47,0.93,3.0,2.01,0.22
350560,0.4,0.93,3.0,2.01,0.22
350750,0.34,0.86,3.0,2.01,0.05
350910,0.37,0.88,3.01,2.02,0.08
350940,0.38,0.88,3.01,2.02,0.11
350960,0.31,0.87,3.01,2.02,0.11
351000,0.32,0.86,3.01,2.02,0.08
351210,0.29,0.83,3.01,2.02,0.03
351280,0.35,0.83,3.01,2.02,0.13
351300,0.37,0.84,3.01,2.02,0.09
351340,0.34,0.84,3.01,2.02,0.09
351690,0.3,0.82,3.02,2.03,0.03
351740,0.27,0.82,3.02,2.03,0.03
351820,0.31,0.83,3.02,2.03,0.05
351970,0.46,0.81,3.03,2.03,0.04
351990,0.5,0.82,3.03,2.03,0.04
352010,0.48,0.83,3.03,2.03,0.04
352110,0.57,0.86,3.03,2.03,0.09
352210,0.46,0.86,3.03,2.04,0.06
352260,0.41,0.86,3.03,2.04,0.04
352290,0.39,0.86,3.03,2.04,0.04
352300,0.41,0.86,3.03,2.04,0.04
352330,0.41,0.87,3.03,2.04,0.06
352340,0.38,0.87,3.03,2.04,0.06
352470,0.36,0.88,3.04,2.04,0.08
352620,0.36,0.88,3.04,2.04,0.03
352640,0.35,0.87,3.04,2.04,0.03
352960,0.39,0.87,3.04,2.05,0.04
353010,0.4,0.87,3.04,2.05,0.06
353020,0.4,0.86,3.04,2.05,0.06
