start_time,end_time,avg_cpu_usage,avg_mem_usage,max_cpu_usage,max_mem_usage
2126098000000,2126100000000,0.0014801025390620002,3.0517578125e-05,0.003013610839843,5.912780761718751e-05
2126100000000,2126400000000,0.007606506347656,0.008193969726562,0.01763916015625,0.01336669921875
2126400000000,2126700000000,0.00689697265625,0.017730712890625,0.018585205078125,0.024444580078125003
2126700000000,2127000000000,0.006721496582031,0.03387451171875,0.017120361328125,0.0394287109375
2127000000000,2127300000000,0.00921630859375,0.04803466796875,0.04705810546875,0.0555419921875
2127300000000,2127600000000,0.0086669921875,0.05987548828125,0.029510498046875003,0.063720703125
2127600000000,2127900000000,0.008682250976562,0.0679931640625,0.0391845703125,0.07177734375
2127900000000,2128200000000,0.0086669921875,0.07568359375,0.029785156249999997,0.0806884765625
2128200000000,2128500000000,0.008941650390625,0.084716796875,0.073486328125,0.088623046875
2128500000000,2128800000000,0.007728576660156,0.09130859375,0.03485107421875,0.09423828125
2128800000000,2129100000000,0.007423400878906,0.0986328125,0.01702880859375,0.1029052734375
2129100000000,2129400000000,0.00738525390625,0.1053466796875,0.0693359375,0.1075439453125
2129400000000,2129700000000,0.008056640625,0.1097412109375,0.022735595703125003,0.11181640625
2129700000000,2130000000000,0.002918243408203,0.112060546875,0.01666259765625,0.1124267578125
2130000000000,2130300000000,0.00094985961914,0.1116943359375,0.003437042236328,0.1119384765625
2130300000000,2130600000000,0.000988006591796,0.1236572265625,0.003959655761718001,0.1236572265625
2130600000000,2130900000000,0.000974655151367,0.1236572265625,0.004425048828125,0.1236572265625
2130900000000,2131200000000,0.000894546508789,0.1236572265625,0.003902435302734,0.1236572265625
2131200000000,2131500000000,0.001005172729492,0.1236572265625,0.005729675292968001,0.1236572265625
2131500000000,2131800000000,0.000958442687988,0.1236572265625,0.008438110351562,0.1236572265625
2131800000000,2132100000000,0.0008745193481440001,0.1236572265625,0.005088806152343001,0.1236572265625
2132100000000,2132400000000,0.00086498260498,0.1236572265625,0.004730224609375,0.1236572265625
2132400000000,2132700000000,0.0007658004760740001,0.1236572265625,0.004623413085937,0.1236572265625
2132700000000,2133000000000,0.0005998611450190001,0.1236572265625,0.0024375915527340003,0.1236572265625
2133000000000,2133300000000,0.000584602355957,0.1236572265625,0.002887725830078,0.1236572265625
2133300000000,2133600000000,0.005050659179687,0.1236572265625,0.019805908203125,0.1236572265625
2133600000000,2133900000000,0.007438659667968001,0.1236572265625,0.04193115234375,0.1236572265625
2133900000000,2134200000000,0.00811767578125,0.1236572265625,0.04534912109375,0.1236572265625
2134200000000,2134500000000,0.008560180664062,0.1236572265625,0.023651123046875003,0.1236572265625
2134500000000,2134800000000,0.008224487304687,0.1236572265625,0.02435302734375,0.1236572265625
2134800000000,2135100000000,0.0084228515625,0.1236572265625,0.02447509765625,0.1236572265625
2135100000000,2135400000000,0.008438110351562,0.1236572265625,0.0411376953125,0.1236572265625
2135400000000,2135700000000,0.008636474609375,0.1236572265625,0.197265625,0.1236572265625
2135700000000,2136000000000,0.0081787109375,0.1236572265625,0.020050048828125,0.1236572265625
2136000000000,2136300000000,0.006790161132812,0.1236572265625,0.0343017578125,0.1236572265625
2136300000000,2136600000000,0.007377624511718001,0.1165771484375,0.0389404296875,0.1236572265625
2136600000000,2136900000000,0.006019592285156,0.115478515625,0.021728515625,0.1236572265625
2136900000000,2137200000000,0.005683898925781,0.1236572265625,0.02362060546875,0.1236572265625
2137200000000,2137500000000,0.006797790527343001,0.1236572265625,0.0347900390625,0.1236572265625
2137500000000,2137515000000,0.007415771484375001,0.119384765625,0.011245727539062,0.1236572265625
2137515000000,2137540000000,0.00592041015625,0.06121826171875,0.013168334960937,0.1026611328125
2137540000000,2137543000000,0.002674102783203,2.2888183593750003e-05,0.008026123046875,2.4795532226562503e-05
2137541000000,2137542000000,0.0,9.5367431640625e-07,0.0,9.5367431640625e-07
2137542000000,2137543000000,0.0,9.5367431640625e-07,0.0,9.5367431640625e-07
2137543000000,2137800000000,0.006057739257812,0.005828857421875001,0.0289306640625,0.009445190429687
2137543000000,2137544000000,0.0,2.1934509277343753e-05,0.0,2.1934509277343753e-05
2137800000000,2138100000000,0.007240295410156,0.013656616210937,0.025848388671875003,0.018768310546875
2138100000000,2138400000000,0.006576538085937,0.026275634765625003,0.186279296875,0.034423828125
2138400000000,2138700000000,0.006240844726562,0.03875732421875,0.03277587890625,0.04296875
2138700000000,2139000000000,0.006698608398437,0.04779052734375,0.016143798828125,0.0526123046875
2139000000000,2139300000000,0.006431579589843001,0.05706787109375,0.02679443359375,0.06103515624999999
2139300000000,2139600000000,0.006332397460937,0.065185546875,0.020263671875,0.0693359375
2139600000000,2139900000000,0.007469177246093001,0.073486328125,0.01763916015625,0.077392578125
2139900000000,2140200000000,0.007827758789062,0.0821533203125,0.030731201171875003,0.08642578125
2140200000000,2140500000000,0.007133483886718001,0.0899658203125,0.0233154296875,0.093505859375
2140500000000,2140800000000,0.007171630859375001,0.0997314453125,0.043212890625,0.10498046875
2140800000000,2141100000000,0.008041381835937,0.1085205078125,0.03155517578125,0.1119384765625
2141100000000,2141400000000,0.002525329589843,0.112060546875,0.016815185546875,0.1124267578125
2141400000000,2141700000000,0.000741958618164,0.1116943359375,0.00286865234375,0.1119384765625
2141700000000,2142000000000,0.0007228851318350001,0.111328125,0.00253677368164,0.111572265625
2142000000000,2142300000000,0.0007038116455070001,0.11865234375,0.0027122497558590003,0.1236572265625
2142300000000,2142600000000,0.000743865966796,0.1236572265625,0.00653076171875,0.1236572265625
2142600000000,2142900000000,0.001070022583007,0.1236572265625,0.013839721679687,0.1236572265625
2142900000000,2143200000000,0.0005960464477530001,0.1236572265625,0.004837036132812,0.1236572265625
2143200000000,2143500000000,0.0005044937133780001,0.1236572265625,0.002616882324218,0.1236572265625
2143500000000,2143800000000,0.000542640686035,0.1236572265625,0.00204849243164,0.1236572265625
2143800000000,2144100000000,0.000528335571289,0.1236572265625,0.004615783691406,0.1236572265625
2144100000000,2144400000000,0.0005407333374020001,0.1236572265625,0.003818511962890001,0.1236572265625
2144400000000,2144700000000,0.0004959106445310001,0.1236572265625,0.011215209960937,0.1236572265625
2144700000000,2145000000000,0.005256652832031,0.1236572265625,0.033935546875,0.1236572265625
2145000000000,2145300000000,0.006538391113281,0.1236572265625,0.024139404296875003,0.1236572265625
2145300000000,2145600000000,0.00634765625,0.1236572265625,0.023284912109375003,0.1236572265625
2145600000000,2145900000000,0.005828857421875001,0.1236572265625,0.03985595703125,0.1236572265625
2145900000000,2146200000000,0.006134033203125001,0.1236572265625,0.03387451171875,0.1236572265625
2146200000000,2146500000000,0.007980346679687,0.1236572265625,0.027008056640625003,0.1236572265625
2146500000000,2146800000000,0.006515502929687,0.1236572265625,0.021148681640625,0.1236572265625
2146800000000,2147100000000,0.006210327148437,0.1236572265625,0.0513916015625,0.1236572265625
2147100000000,2147400000000,0.005256652832031,0.1236572265625,0.02227783203125,0.1236572265625
2147400000000,2147700000000,0.005744934082031,0.1236572265625,0.01861572265625,0.1236572265625
2147700000000,2148000000000,0.006355285644531,0.1236572265625,0.0830078125,0.1236572265625
2148000000000,2148300000000,0.0068359375,0.1192626953125,0.0318603515625,0.1236572265625
2148300000000,2148600000000,0.006317138671875001,0.1151123046875,0.024383544921875003,0.1236572265625
2148600000000,2148900000000,0.0079345703125,0.1180419921875,0.02020263671875,0.1236572265625
2148900000000,2149193000000,0.007804870605468001,0.1229248046875,0.013259887695312,0.1236572265625
2149193000000,2149199000000,0.007583618164062,0.03448486328125,0.01617431640625,0.064453125
2149199000000,2149200000000,0.003318786621093,3.0517578125e-05,0.003318786621093,3.0517578125e-05
2149200000000,2149201000000,0.0,3.0517578125e-05,0.0,3.0517578125e-05
2149201000000,2149202000000,0.0,2.7656555175781253e-05,0.0,2.7656555175781253e-05
2149201000000,2149202000000,0.0,9.5367431640625e-07,0.0,9.5367431640625e-07
2149202000000,2149500000000,0.007652282714843001,0.008316040039062,0.03363037109375,0.013931274414062
2149500000000,2149800000000,0.008224487304687,0.02197265625,0.027130126953125003,0.03369140625
2149800000000,2150100000000,0.008773803710937,0.0421142578125,0.02923583984375,0.05059814453125
2150100000000,2150400000000,0.00885009765625,0.0587158203125,0.02801513671875,0.0670166015625
2150400000000,2150700000000,0.008544921875,0.0738525390625,0.03057861328125,0.0810546875
2150700000000,2151000000000,0.008590698242187,0.086669921875,0.02471923828125,0.0927734375
2151000000000,2151300000000,0.008270263671875,0.1002197265625,0.03729248046875,0.1060791015625
2151300000000,2151600000000,0.008331298828125,0.1094970703125,0.02154541015625,0.1119384765625
2151600000000,2151900000000,0.001150131225585,0.112060546875,0.0096435546875,0.1124267578125
2151900000000,2152200000000,0.000621795654296,0.1116943359375,0.004096984863281,0.1119384765625
2152200000000,2152500000000,0.000548362731933,0.111328125,0.002948760986328,0.1114501953125
2152500000000,2152800000000,0.0005874633789060001,0.1109619140625,0.01123046875,0.111083984375
2152800000000,2153100000000,0.000672340393066,0.1177978515625,0.003944396972656,0.1236572265625
2153100000000,2153400000000,0.0006856918334960001,0.1236572265625,0.003150939941406,0.1236572265625
2153400000000,2153700000000,0.000455856323242,0.1236572265625,0.002311706542968,0.1236572265625
2153700000000,2154000000000,0.000384330749511,0.1236572265625,0.002662658691406,0.1236572265625
2154000000000,2154300000000,0.000380516052246,0.1236572265625,0.002891540527343,0.1236572265625
2154300000000,2154600000000,0.00040054321289,0.1236572265625,0.0023918151855460003,0.1236572265625
2154600000000,2154900000000,0.0004243850708,0.1236572265625,0.0033226013183590003,0.1236572265625
2154900000000,2155200000000,0.0004367828369140001,0.1236572265625,0.004501342773437,0.1236572265625
2155200000000,2155500000000,0.004837036132812,0.1236572265625,0.030029296875,0.1236572265625
2155500000000,2155800000000,0.005142211914062,0.1236572265625,0.014862060546875002,0.1236572265625
2155800000000,2156100000000,0.006462097167968001,0.1236572265625,0.077880859375,0.1236572265625
2156100000000,2156400000000,0.005485534667968001,0.1236572265625,0.01904296875,0.1236572265625
2156400000000,2156700000000,0.005142211914062,0.1236572265625,0.044189453125,0.1236572265625
2156700000000,2157000000000,0.005653381347656,0.1236572265625,0.0343017578125,0.1236572265625
2157000000000,2157300000000,0.006141662597656,0.1236572265625,0.0321044921875,0.1236572265625
2157300000000,2157600000000,0.005912780761718001,0.1236572265625,0.018829345703125,0.1236572265625
2157600000000,2157900000000,0.005378723144531,0.1236572265625,0.013534545898437,0.1236572265625
2157900000000,2158200000000,0.0076904296875,0.1236572265625,0.03961181640625,0.1236572265625
2158200000000,2158500000000,0.007408142089843001,0.1236572265625,0.0787353515625,0.1236572265625
2158500000000,2158800000000,0.007949829101562,0.1236572265625,0.0235595703125,0.1236572265625
2158800000000,2159100000000,0.00830078125,0.1236572265625,0.0264892578125,0.1236572265625
2159100000000,2159400000000,0.005943298339843001,0.1236572265625,0.02020263671875,0.1236572265625
2159400000000,2159700000000,0.005264282226562,0.1236572265625,0.0172119140625,0.1236572265625
2159700000000,2159849000000,0.006797790527343001,0.12353515625,0.01806640625,0.1236572265625
2159849000000,2159874000000,0.007225036621093001,0.067138671875,0.01593017578125,0.1070556640625
2159874000000,2159877000000,0.004798889160156,2.002716064453125e-05,0.013687133789062,2.002716064453125e-05
2159875000000,2159876000000,0.0,9.5367431640625e-07,0.0,9.5367431640625e-07
2159876000000,2160000000000,0.00628662109375,0.004241943359375,0.023834228515625003,0.00726318359375
2160000000000,2160300000000,0.007553100585937,0.011947631835937,0.01983642578125,0.017242431640625
2160300000000,2160600000000,0.008636474609375,0.0279541015625,0.02685546875,0.03900146484375
2160600000000,2160900000000,0.008819580078125,0.0479736328125,0.028106689453125003,0.05621337890625
2160900000000,2161200000000,0.007423400878906,0.0626220703125,0.04156494140625,0.068603515625
2161200000000,2161500000000,0.006645202636718001,0.072265625,0.03448486328125,0.0772705078125
2161500000000,2161800000000,0.007514953613281,0.0830078125,0.022003173828125,0.08740234375
2161800000000,2162100000000,0.007270812988281,0.0916748046875,0.02099609375,0.0970458984375
2162100000000,2162400000000,0.007682800292968001,0.1038818359375,0.02117919921875,0.1087646484375
2162400000000,2162700000000,0.004890441894531,0.1114501953125,0.02056884765625,0.1124267578125
2162700000000,2163000000000,0.0007781982421870001,0.11181640625,0.0031089782714840003,0.112060546875
2163000000000,2163300000000,0.0008621215820310001,0.111572265625,0.0035514831542960003,0.1116943359375
2163300000000,2163600000000,0.0008554458618160001,0.111328125,0.003192901611328,0.1114501953125
2163600000000,2163900000000,0.0007514953613280001,0.1236572265625,0.0029411315917960003,0.1236572265625
2163900000000,2164200000000,0.00075626373291,0.1236572265625,0.0030021667480460003,0.1236572265625
2164200000000,2164500000000,0.000788688659667,0.1236572265625,0.0035972595214840003,0.1236572265625
2164500000000,2164800000000,0.000650405883789,0.1236572265625,0.0028343200683590003,0.1236572265625
2164800000000,2165100000000,0.00213623046875,0.1236572265625,0.03485107421875,0.1236572265625
2165100000000,2165400000000,0.0006551742553710001,0.1236572265625,0.004188537597656,0.1236572265625
2165400000000,2165700000000,0.001819610595703,0.1236572265625,0.066162109375,0.1236572265625
2165700000000,2166000000000,0.001039505004882,0.1236572265625,0.007827758789062,0.1236572265625
2166000000000,2166300000000,0.00302505493164,0.1236572265625,0.04931640625,0.1236572265625
2166300000000,2166600000000,0.006568908691406,0.1236572265625,0.02850341796875,0.1236572265625
2166600000000,2166900000000,0.005683898925781,0.1236572265625,0.02294921875,0.1236572265625
2166900000000,2167200000000,0.005760192871093001,0.1236572265625,0.030548095703125003,0.1236572265625
2167200000000,2167500000000,0.005821228027343001,0.1236572265625,0.03680419921875,0.1236572265625
2167500000000,2167800000000,0.005935668945312,0.1236572265625,0.0238037109375,0.1236572265625
2167800000000,2168100000000,0.005355834960937,0.1236572265625,0.0467529296875,0.1236572265625
2168100000000,2168400000000,0.006095886230468001,0.1236572265625,0.02789306640625,0.1236572265625
2168400000000,2168700000000,0.005691528320312,0.1236572265625,0.03375244140625,0.1236572265625
2168700000000,2169000000000,0.006622314453125001,0.1236572265625,0.03717041015625,0.1236572265625
2169000000000,2169300000000,0.005271911621093001,0.1236572265625,0.017852783203125,0.1236572265625
2169300000000,2169600000000,0.005340576171875,0.1236572265625,0.02197265625,0.1236572265625
2169600000000,2169900000000,0.005409240722656,0.1236572265625,0.018798828125,0.1236572265625
2169900000000,2170200000000,0.005226135253906,0.1236572265625,0.021484375,0.1236572265625
2170200000000,2170500000000,0.005867004394531,0.1236572265625,0.0279541015625,0.1236572265625
2170500000000,2170800000000,0.0059814453125,0.1236572265625,0.024078369140625003,0.1236572265625
2170800000000,2171100000000,0.006767272949218001,0.1236572265625,0.075927734375,0.1236572265625
2171100000000,2171400000000,0.007888793945312,0.1236572265625,0.03216552734375,0.1236572265625
2171400000000,2171700000000,0.008438110351562,0.1236572265625,0.035888671875,0.1236572265625
2171700000000,2171755000000,0.009597778320312,0.1224365234375,0.018157958984375,0.1236572265625
2171755000000,2171769000000,0.007827758789062,0.0692138671875,0.01690673828125,0.0997314453125
2171769000000,2171773000000,0.00014305114746000002,2.4795532226562503e-05,0.002288818359375,2.4795532226562503e-05
2171771000000,2171772000000,0.0,9.5367431640625e-07,0.0,9.5367431640625e-07
2171772000000,2172000000000,0.007278442382812,0.006538391113281,0.021453857421875,0.011138916015625
2172000000000,2172300000000,0.00830078125,0.016845703125,0.0213623046875,0.027496337890625003
2172300000000,2172600000000,0.00836181640625,0.03704833984375,0.0302734375,0.04412841796875
2172600000000,2172900000000,0.00830078125,0.05108642578125,0.0296630859375,0.0584716796875
2172900000000,2173200000000,0.00921630859375,0.0675048828125,0.0216064453125,0.076171875
2173200000000,2173500000000,0.0091552734375,0.0841064453125,0.0281982421875,0.0908203125
2173500000000,2173800000000,0.008819580078125,0.1005859375,0.0191650390625,0.1094970703125
2173800000000,2174100000000,0.004081726074218001,0.11181640625,0.019866943359375,0.1124267578125
2174100000000,2174400000000,0.001218795776367,0.112060546875,0.007781982421875001,0.112060546875
2174400000000,2174700000000,0.001352310180664,0.11181640625,0.008575439453125,0.1119384765625
2174700000000,2175000000000,0.001226425170898,0.1116943359375,0.01031494140625,0.11181640625
2175000000000,2175300000000,0.001129150390625,0.111572265625,0.007728576660156,0.1116943359375
2175300000000,2175600000000,0.001117706298828,0.1165771484375,0.008407592773437,0.1236572265625
2175600000000,2175900000000,0.0010223388671870002,0.1236572265625,0.007736206054687,0.1236572265625
2175900000000,2176200000000,0.001043319702148,0.1236572265625,0.008636474609375,0.1236572265625
2176200000000,2176500000000,0.001077651977539,0.1236572265625,0.01904296875,0.1236572265625
2176500000000,2176800000000,0.001041412353515,0.1236572265625,0.007614135742187,0.1236572265625
2176800000000,2177100000000,0.000941276550292,0.1236572265625,0.007705688476562,0.1236572265625
2177100000000,2177400000000,0.000938415527343,0.1236572265625,0.007537841796875001,0.1236572265625
2177400000000,2177700000000,0.005409240722656,0.1236572265625,0.031158447265625003,0.1236572265625
2177700000000,2178000000000,0.009078979492187,0.1236572265625,0.02667236328125,0.1236572265625
2178000000000,2178300000000,0.008056640625,0.1236572265625,0.02606201171875,0.1236572265625
2178300000000,2178600000000,0.008544921875,0.1236572265625,0.02447509765625,0.1236572265625
2178600000000,2178900000000,0.00860595703125,0.1236572265625,0.0284423828125,0.1236572265625
2178900000000,2179200000000,0.009262084960937,0.1236572265625,0.027557373046875003,0.1236572265625
2179200000000,2179500000000,0.009201049804687,0.1236572265625,0.028961181640625003,0.1236572265625
2179500000000,2179800000000,0.009445190429687,0.1141357421875,0.06005859374999999,0.1236572265625
2179800000000,2180100000000,0.008468627929687,0.114013671875,0.0244140625,0.11474609375
2180100000000,2180396000000,0.008758544921875,0.1214599609375,0.07568359375,0.1236572265625
2180396000000,2180400000000,0.009246826171875,0.1004638671875,0.014755249023437,0.1041259765625
2180400000000,2180414000000,0.007125854492187,0.04986572265625,0.0247802734375,0.0882568359375
2180414000000,2180417000000,0.0015563964843750002,2.3841857910156253e-05,0.005416870117187,2.3841857910156253e-05
2180416000000,2180417000000,0.0,9.5367431640625e-07,0.0,9.5367431640625e-07
2180417000000,2180700000000,0.006996154785156,0.006690979003906,0.021942138671875,0.011581420898437
2180417000000,2180418000000,0.0,2.3841857910156253e-05,0.0,2.3841857910156253e-05
2180700000000,2181000000000,0.008102416992187,0.01708984375,0.021331787109375,0.025177001953125003
2181000000000,2181300000000,0.008453369140625,0.03594970703125,0.02227783203125,0.0430908203125
2181300000000,2181600000000,0.008697509765625,0.05047607421875,0.025787353515625003,0.05755615234375
2181600000000,2181900000000,0.008331298828125,0.0638427734375,0.0718994140625,0.0706787109375
2181900000000,2182200000000,0.008636474609375,0.07763671875,0.01678466796875,0.0853271484375
2182200000000,2182500000000,0.008804321289062,0.09130859375,0.0352783203125,0.099853515625
2182500000000,2182800000000,0.008514404296875,0.1068115234375,0.02130126953125,0.111572265625
2182800000000,2183100000000,0.002571105957031,0.112060546875,0.017364501953125,0.1124267578125
2183100000000,2183400000000,0.0006875991821280001,0.11181640625,0.00271987915039,0.112060546875
2183400000000,2183700000000,0.0006675720214840001,0.1114501953125,0.002246856689453,0.111572265625
2183700000000,2184000000000,0.000640869140625,0.111083984375,0.0021934509277340003,0.1112060546875
2184000000000,2184300000000,0.000639915466308,0.117919921875,0.002750396728515,0.1236572265625
2184300000000,2184600000000,0.0005950927734370001,0.1236572265625,0.002689361572265,0.1236572265625
2184600000000,2184900000000,0.000422477722167,0.1236572265625,0.00204849243164,0.1236572265625
2184900000000,2185200000000,0.000360488891601,0.1236572265625,0.002342224121093,0.1236572265625
2185200000000,2185500000000,0.00039005279541,0.1236572265625,0.00225830078125,0.1236572265625
2185500000000,2185800000000,0.00035572052001900005,0.1236572265625,0.004501342773437,0.1236572265625
2185800000000,2186100000000,0.00035381317138600003,0.1236572265625,0.001491546630859,0.1236572265625
2186100000000,2186400000000,0.00034523010253900005,0.1236572265625,0.002067565917968,0.1236572265625
2186400000000,2186700000000,0.006637573242187,0.1236572265625,0.054931640625,0.1236572265625
2186700000000,2187000000000,0.00860595703125,0.1236572265625,0.02789306640625,0.1236572265625
2187000000000,2187300000000,0.008621215820312,0.1236572265625,0.042236328125,0.1236572265625
2187300000000,2187600000000,0.00921630859375,0.1236572265625,0.04510498046875,0.1236572265625
2187600000000,2187900000000,0.009063720703125,0.1236572265625,0.021148681640625,0.1236572265625
2187900000000,2188200000000,0.00909423828125,0.1236572265625,0.034423828125,0.1236572265625
2188200000000,2188500000000,0.009140014648437,0.1236572265625,0.030120849609375003,0.1236572265625
2188500000000,2188800000000,0.009292602539062,0.1236572265625,0.022369384765625003,0.1236572265625
2188800000000,2189100000000,0.009246826171875,0.1236572265625,0.02423095703125,0.1236572265625
2189100000000,2189400000000,0.009719848632812,0.1236572265625,0.05572509765625,0.1236572265625
2189400000000,2189700000000,0.008941650390625,0.1236572265625,0.0198974609375,0.1236572265625
2189700000000,2189783000000,0.009307861328125,0.123291015625,0.022308349609375,0.1236572265625
2189783000000,2189802000000,0.007308959960937,0.068603515625,0.01617431640625,0.1053466796875
2189802000000,2189804000000,0.00118064880371,2.6702880859375003e-05,0.0023612976074210003,2.6702880859375003e-05
2189803000000,2189804000000,0.0,1.9073486328125e-06,0.0,1.9073486328125e-06
2189804000000,2189805000000,0.0,2.2888183593750003e-05,0.0,2.2888183593750003e-05
2189804000000,2190000000000,0.008010864257812,0.006439208984375001,0.01806640625,0.011154174804687
2190000000000,2190300000000,0.008804321289062,0.016448974609375,0.04345703125,0.0230712890625
2190300000000,2190600000000,0.009048461914062,0.0343017578125,0.03277587890625,0.04144287109375
2190600000000,2190900000000,0.00872802734375,0.048095703125,0.0289306640625,0.05401611328125
2190900000000,2191200000000,0.008804321289062,0.0596923828125,0.02911376953125,0.065673828125
2191200000000,2191500000000,0.008834838867187,0.0723876953125,0.03729248046875,0.0782470703125
2191500000000,2191800000000,0.009140014648437,0.0848388671875,0.0340576171875,0.0899658203125
2191800000000,2192100000000,0.007965087890625,0.0966796875,0.016632080078125,0.1036376953125
2192100000000,2192400000000,0.007659912109375001,0.1072998046875,0.0494384765625,0.110595703125
2192400000000,2192700000000,0.003799438476562,0.1119384765625,0.016632080078125,0.1124267578125
2192700000000,2193000000000,0.000842094421386,0.11181640625,0.002716064453125,0.112060546875
2193000000000,2193300000000,0.000917434692382,0.1114501953125,0.0029411315917960003,0.111572265625
2193300000000,2193600000000,0.000961303710937,0.1143798828125,0.004356384277343001,0.1236572265625
2193600000000,2193900000000,0.001220703125,0.1236572265625,0.003761291503906,0.1236572265625
2193900000000,2194200000000,0.001157760620117,0.1236572265625,0.006057739257812,0.1236572265625
2194200000000,2194500000000,0.001003265380859,0.1236572265625,0.004356384277343001,0.1236572265625
2194500000000,2194800000000,0.000804901123046,0.1236572265625,0.007171630859375001,0.1236572265625
2194800000000,2195100000000,0.0007095336914060001,0.1236572265625,0.0030326843261710003,0.1236572265625
2195100000000,2195400000000,0.000645637512207,0.1236572265625,0.0030517578125,0.1236572265625
2195400000000,2195700000000,0.0006179809570310001,0.1236572265625,0.002876281738281,0.1236572265625
2195700000000,2196000000000,0.0006628036499020001,0.1236572265625,0.0028648376464840003,0.1236572265625
2196000000000,2196300000000,0.005355834960937,0.1236572265625,0.03326416015625,0.1236572265625
2196300000000,2196600000000,0.008804321289062,0.1236572265625,0.02508544921875,0.1236572265625
2196600000000,2196900000000,0.008804321289062,0.1236572265625,0.0308837890625,0.1236572265625
2196900000000,2197200000000,0.008697509765625,0.1236572265625,0.03753662109375,0.1236572265625
2197200000000,2197500000000,0.00872802734375,0.1236572265625,0.027130126953125003,0.1236572265625
2197500000000,2197800000000,0.008941650390625,0.1236572265625,0.0262451171875,0.1236572265625
2197800000000,2198100000000,0.008819580078125,0.1236572265625,0.0380859375,0.1236572265625
2198100000000,2198400000000,0.008956909179687,0.1236572265625,0.025177001953125003,0.1236572265625
2198400000000,2198700000000,0.008560180664062,0.1236572265625,0.03857421875,0.1236572265625
2198700000000,2199000000000,0.009063720703125,0.1236572265625,0.030517578125,0.1236572265625
2199000000000,2199300000000,0.008529663085937,0.1236572265625,0.0206298828125,0.1236572265625
2199300000000,2199600000000,0.0084228515625,0.1236572265625,0.05023193359375,0.1236572265625
2199600000000,2199739000000,0.00860595703125,0.1234130859375,0.0302734375,0.1236572265625
2199739000000,2199773000000,0.007713317871093001,0.067626953125,0.01617431640625,0.1070556640625
2199773000000,2199776000000,0.00143814086914,2.1934509277343753e-05,0.005142211914062,2.2888183593750003e-05
2199775000000,2199776000000,0.0,1.9073486328125e-06,0.0,1.9073486328125e-06
2199776000000,2199900000000,0.007003784179687,0.003921508789062,0.021087646484375,0.006538391113281
2199900000000,2200200000000,0.00811767578125,0.010238647460937,0.016998291015625,0.014022827148437
2200200000000,2200500000000,0.008163452148437,0.019378662109375,0.03466796875,0.02850341796875
2200500000000,2200800000000,0.0087890625,0.03662109375,0.02130126953125,0.04254150390625
2200800000000,2201100000000,0.008621215820312,0.04736328125,0.023712158203125003,0.05218505859375
2201100000000,2201400000000,0.0084228515625,0.05657958984375,0.0322265625,0.0606689453125
2201400000000,2201700000000,0.008407592773437,0.0648193359375,0.03497314453125,0.069091796875
2201700000000,2202000000000,0.008392333984375,0.072998046875,0.02325439453125,0.076904296875
2202000000000,2202300000000,0.00872802734375,0.081298828125,0.022857666015625003,0.0858154296875
2202300000000,2202600000000,0.008163452148437,0.0889892578125,0.061767578125,0.0926513671875
2202600000000,2202900000000,0.008056640625,0.09765625,0.02215576171875,0.10302734375
2202900000000,2203200000000,0.007827758789062,0.106201171875,0.0244140625,0.1087646484375
2203200000000,2203500000000,0.007369995117187,0.11083984375,0.029449462890625003,0.112060546875
2203500000000,2203800000000,0.004859924316406,0.112060546875,0.02581787109375,0.1124267578125
2203800000000,2204100000000,0.0008573532104490001,0.1119384765625,0.003921508789062,0.112060546875
2204100000000,2204400000000,0.002323150634765,0.1182861328125,0.02374267578125,0.1236572265625
2204400000000,2204700000000,0.002429962158203,0.1236572265625,0.0670166015625,0.1236572265625
2204700000000,2205000000000,0.0008430480957030001,0.1236572265625,0.003952026367187,0.1236572265625
2205000000000,2205300000000,0.005615234375,0.1236572265625,0.0299072265625,0.1236572265625
2205300000000,2205600000000,0.0020103454589840003,0.1236572265625,0.01751708984375,0.1236572265625
2205600000000,2205900000000,0.000473976135253,0.1236572265625,0.001857757568359,0.1236572265625
2205900000000,2206200000000,0.0005455017089840001,0.1236572265625,0.002754211425781,0.1236572265625
2206200000000,2206500000000,0.0005636215209960001,0.1236572265625,0.003849029541015001,0.1236572265625
2206500000000,2206800000000,0.000574111938476,0.1236572265625,0.0024833679199210003,0.1236572265625
2206800000000,2207100000000,0.00055980682373,0.1236572265625,0.0027275085449210003,0.1236572265625
2207100000000,2207400000000,0.008285522460937,0.1236572265625,0.01904296875,0.1236572265625
2207400000000,2207700000000,0.00830078125,0.1236572265625,0.03399658203125,0.1236572265625
2207700000000,2208000000000,0.007667541503906,0.1236572265625,0.02935791015625,0.1236572265625
2208000000000,2208300000000,0.008209228515625,0.1236572265625,0.026763916015625003,0.1236572265625
2208300000000,2208600000000,0.008941650390625,0.1236572265625,0.038330078125,0.1236572265625
2208600000000,2208900000000,0.009231567382812,0.1236572265625,0.02203369140625,0.1236572265625
2208900000000,2209200000000,0.0089111328125,0.1236572265625,0.02069091796875,0.1236572265625
2209200000000,2209500000000,0.008758544921875,0.1236572265625,0.021331787109375,0.1236572265625
2209500000000,2209800000000,0.009063720703125,0.11572265625,0.025634765625,0.1236572265625
2209800000000,2210100000000,0.008697509765625,0.1142578125,0.030120849609375003,0.114990234375
2210100000000,2210400000000,0.0087890625,0.1229248046875,0.0213623046875,0.1236572265625
2210400000000,2210520000000,0.008804321289062,0.1234130859375,0.0179443359375,0.1236572265625
2210520000000,2210534000000,6.103515625e-05,0.0587158203125,0.000466346740722,0.100830078125
2210534000000,2210537000000,0.0008020401000970001,2.6702880859375003e-05,0.0024070739746090003,2.8610229492187503e-05
2210535000000,2210536000000,0.0,9.5367431640625e-07,0.0,9.5367431640625e-07
2210536000000,2210537000000,0.0,9.5367431640625e-07,0.0,9.5367431640625e-07
2210537000000,2210538000000,0.0,2.6702880859375003e-05,0.0,2.6702880859375003e-05
2210537000000,2210700000000,0.007774353027343001,0.0057373046875,0.02020263671875,0.00982666015625
2210700000000,2211000000000,0.0086669921875,0.015029907226562,0.03399658203125,0.020538330078125
2211000000000,2211300000000,0.009140014648437,0.03204345703125,0.027008056640625003,0.040283203125
2211300000000,2211600000000,0.0089111328125,0.04644775390625,0.025054931640625003,0.0526123046875
2211600000000,2211900000000,0.009078979492187,0.05938720703125,0.03411865234375,0.066650390625
2211900000000,2212200000000,0.009002685546875,0.072998046875,0.02471923828125,0.0791015625
2212200000000,2212500000000,0.009048461914062,0.0855712890625,0.02545166015625,0.09130859375
2212500000000,2212800000000,0.008697509765625,0.0997314453125,0.028961181640625003,0.1063232421875
2212800000000,2213100000000,0.00787353515625,0.1099853515625,0.024139404296875003,0.1124267578125
2213100000000,2213400000000,0.000673294067382,0.1119384765625,0.002235412597656,0.1121826171875
2213400000000,2213700000000,0.000737190246582,0.111572265625,0.0042724609375,0.11181640625
2213700000000,2214000000000,0.0007791519165030001,0.1112060546875,0.0029449462890620004,0.1114501953125
2214000000000,2214300000000,0.000842094421386,0.1131591796875,0.00308609008789,0.1236572265625
2214300000000,2214600000000,0.001201629638671,0.1236572265625,0.05987548828125,0.1236572265625
2214600000000,2214900000000,0.000849723815917,0.1236572265625,0.005447387695312,0.1236572265625
2214900000000,2215200000000,0.0005636215209960001,0.1236572265625,0.003669738769531,0.1236572265625
2215200000000,2215500000000,0.000516891479492,0.1236572265625,0.003177642822265,0.1236572265625
2215500000000,2215800000000,0.000528335571289,0.1236572265625,0.010818481445312,0.1236572265625
2215800000000,2216100000000,0.000484466552734,0.1236572265625,0.0028648376464840003,0.1236572265625
2216100000000,2216400000000,0.00047969818115200006,0.1236572265625,0.0027122497558590003,0.1236572265625
2216400000000,2216700000000,0.001148223876953,0.1236572265625,0.025726318359375003,0.1236572265625
2216700000000,2217000000000,0.008880615234375,0.1236572265625,0.05169677734375,0.1236572265625
2217000000000,2217300000000,0.007789611816406,0.1236572265625,0.0618896484375,0.1236572265625
2217300000000,2217600000000,0.007858276367187,0.1236572265625,0.02264404296875,0.1236572265625
2217600000000,2217900000000,0.008529663085937,0.1236572265625,0.02459716796875,0.1236572265625
2217900000000,2218200000000,0.00897216796875,0.1236572265625,0.02252197265625,0.1236572265625
2218200000000,2218500000000,0.008636474609375,0.1236572265625,0.0302734375,0.1236572265625
2218500000000,2218800000000,0.00909423828125,0.1236572265625,0.03759765625,0.1236572265625
2218800000000,2219100000000,0.008987426757812,0.1236572265625,0.02838134765625,0.1236572265625
2219100000000,2219400000000,0.009536743164062,0.1160888671875,0.05169677734375,0.1236572265625
2219400000000,2219700000000,0.008697509765625,0.12109375,0.026214599609375003,0.1236572265625
2219700000000,2219802000000,0.0081787109375,0.1217041015625,0.023895263671875003,0.1236572265625
2219802000000,2219813000000,7.62939453125e-05,0.045654296875,0.000636100769042,0.0791015625
2219813000000,2219816000000,0.0007019042968750001,2.9563903808593753e-05,0.002105712890625,2.9563903808593753e-05
2219815000000,2219816000000,0.0,9.5367431640625e-07,0.0,9.5367431640625e-07
2219816000000,2219817000000,0.0,2.4795532226562503e-05,0.0,2.4795532226562503e-05
2219816000000,2220000000000,0.006500244140625001,0.005218505859375,0.017608642578125,0.008697509765625
2220000000000,2220300000000,0.007553100585937,0.012924194335937,0.030426025390625003,0.017974853515625
2220300000000,2220600000000,0.007293701171875001,0.02484130859375,0.025970458984375003,0.033935546875
2220600000000,2220900000000,0.007728576660156,0.03936767578125,0.0341796875,0.04473876953125
2220900000000,2221200000000,0.007659912109375001,0.05035400390625,0.0531005859375,0.0555419921875
2221200000000,2221500000000,0.007110595703125001,0.0595703125,0.03399658203125,0.0638427734375
2221500000000,2221800000000,0.007110595703125001,0.06884765625,0.03033447265625,0.0728759765625
2221800000000,2222100000000,0.007675170898437,0.077392578125,0.029876708984375003,0.0823974609375
2222100000000,2222400000000,0.00775146484375,0.0869140625,0.080078125,0.0904541015625
2222400000000,2222700000000,0.006904602050781,0.0950927734375,0.02459716796875,0.1007080078125
2222700000000,2223000000000,0.007156372070312,0.1048583984375,0.02447509765625,0.10791015625
2223000000000,2223300000000,0.006752014160156,0.1103515625,0.020172119140625,0.1124267578125
2223300000000,2223600000000,0.000737190246582,0.1119384765625,0.0033836364746090003,0.1121826171875
2223600000000,2223900000000,0.0006990432739250001,0.111572265625,0.003826141357421,0.11181640625
2223900000000,2224200000000,0.0007247924804680001,0.1141357421875,0.002784729003906,0.1236572265625
2224200000000,2224500000000,0.0007553100585930001,0.1236572265625,0.005943298339843001,0.1236572265625
2224500000000,2224800000000,0.000720024108886,0.1236572265625,0.003696441650390001,0.1236572265625
2224800000000,2225100000000,0.0008020401000970001,0.1236572265625,0.005607604980468001,0.1236572265625
2225100000000,2225400000000,0.001331329345703,0.1236572265625,0.02740478515625,0.1236572265625
2225400000000,2225700000000,0.000829696655273,0.1236572265625,0.004425048828125,0.1236572265625
2225700000000,2226000000000,0.000641822814941,0.1236572265625,0.0023651123046870004,0.1236572265625
2226000000000,2226300000000,0.000609397888183,0.1236572265625,0.0032463073730460003,0.1236572265625
2226300000000,2226600000000,0.0004777908325190001,0.1236572265625,0.002140045166015,0.1236572265625
2226600000000,2226900000000,0.0006637573242180001,0.1236572265625,0.009231567382812,0.1236572265625
2226900000000,2227200000000,0.008682250976562,0.1236572265625,0.041015625,0.1236572265625
2227200000000,2227500000000,0.00897216796875,0.1236572265625,0.03240966796875,0.1236572265625
2227500000000,2227800000000,0.008987426757812,0.1236572265625,0.04681396484375,0.1236572265625
2227800000000,2228100000000,0.009017944335937,0.1236572265625,0.025634765625,0.1236572265625
2228100000000,2228400000000,0.008865356445312,0.1236572265625,0.025970458984375003,0.1236572265625
2228400000000,2228700000000,0.008773803710937,0.1236572265625,0.025238037109375003,0.1236572265625
2228700000000,2229000000000,0.008865356445312,0.1236572265625,0.027435302734375003,0.1236572265625
2229000000000,2229300000000,0.00927734375,0.1236572265625,0.022186279296875,0.1236572265625
2229300000000,2229600000000,0.00872802734375,0.1236572265625,0.03936767578125,0.1236572265625
2229600000000,2229739000000,0.008697509765625,0.1236572265625,0.03564453125,0.1236572265625
2229739000000,2229762000000,0.007919311523437,0.0770263671875,0.018310546875,0.1102294921875
2229762000000,2229766000000,0.000105857849121,2.2888183593750003e-05,0.0005941390991210001,2.2888183593750003e-05
2229764000000,2229765000000,0.0,9.5367431640625e-07,0.0,9.5367431640625e-07
2229765000000,2229766000000,0.0,9.5367431640625e-07,0.0,9.5367431640625e-07
2229766000000,2229767000000,0.0,2.2888183593750003e-05,0.0,2.2888183593750003e-05
2229766000000,2229900000000,0.006599426269531,0.004127502441406,0.022369384765625003,0.007301330566406
2229900000000,2230200000000,0.008377075195312,0.0126953125,0.0333251953125,0.018035888671875
2230200000000,2230500000000,0.008682250976562,0.02899169921875,0.022735595703125003,0.03875732421875
2230500000000,2230800000000,0.008819580078125,0.04656982421875,0.03399658203125,0.0538330078125
2230800000000,2231100000000,0.008758544921875,0.06054687500000001,0.03271484375,0.068603515625
2231100000000,2231400000000,0.00885009765625,0.07373046875,0.025238037109375003,0.08056640625
2231400000000,2231700000000,0.009140014648437,0.0877685546875,0.0213623046875,0.096435546875
2231700000000,2232000000000,0.008773803710937,0.106689453125,0.017974853515625,0.1124267578125
2232000000000,2232300000000,0.000621795654296,0.112060546875,0.008224487304687,0.1123046875
2232300000000,2232600000000,0.0005760192871090001,0.1116943359375,0.002857208251953,0.1119384765625
2232600000000,2232900000000,0.000569343566894,0.111328125,0.001972198486328,0.111572265625
2232900000000,2233200000000,0.0005884170532220001,0.1109619140625,0.002967834472656,0.111083984375
2233200000000,2233500000000,0.0005998611450190001,0.1119384765625,0.002159118652343,0.1236572265625
2233500000000,2233800000000,0.000635147094726,0.1236572265625,0.0023956298828120004,0.1236572265625
2233800000000,2234100000000,0.000402450561523,0.1236572265625,0.002571105957031,0.1236572265625
2234100000000,2234400000000,0.00038719177246,0.1236572265625,0.0035972595214840003,0.1236572265625
2234400000000,2234700000000,0.000378608703613,0.1236572265625,0.002811431884765,0.1236572265625
2234700000000,2235000000000,0.000389099121093,0.1236572265625,0.0025138854980460003,0.1236572265625
2235000000000,2235300000000,0.000380516052246,0.1236572265625,0.002307891845703,0.1236572265625
2235300000000,2235600000000,0.00035667419433500004,0.1236572265625,0.002655029296875,0.1236572265625
2235600000000,2235900000000,0.0089111328125,0.1236572265625,0.025543212890625003,0.1236572265625
2235900000000,2236200000000,0.008895874023437,0.1236572265625,0.027587890625,0.1236572265625
2236200000000,2236500000000,0.009246826171875,0.1236572265625,0.025482177734375003,0.1236572265625
2236500000000,2236800000000,0.00927734375,0.1236572265625,0.03436279296875,0.1236572265625
2236800000000,2237100000000,0.009323120117187,0.1236572265625,0.018341064453125,0.1236572265625
2237100000000,2237400000000,0.009170532226562,0.1236572265625,0.026885986328125003,0.1236572265625
2237400000000,2237700000000,0.009033203125,0.1236572265625,0.022491455078125003,0.1236572265625
2237700000000,2237834000000,0.008895874023437,0.1220703125,0.027252197265625003,0.1236572265625
2237834000000,2237845000000,0.007575988769531,0.04766845703125,0.0169677734375,0.0843505859375
2237845000000,2237848000000,0.0023612976074210003,2.4795532226562503e-05,0.007087707519531,2.5749206542968753e-05
2237848000000,2237849000000,0.0,2.3841857910156253e-05,0.0,2.3841857910156253e-05
2237854000000,2237855000000,0.0,2.86102294921875e-06,0.0,2.86102294921875e-06
2237855000000,2238000000000,0.007637023925781,0.006462097167968001,0.016937255859375,0.011672973632812
2238000000000,2238300000000,0.008529663085937,0.02117919921875,0.016845703125,0.0355224609375
2238300000000,2238600000000,0.008758544921875,0.04522705078125,0.011398315429687,0.05535888671875
2238600000000,2238900000000,0.008712768554687,0.0653076171875,0.011154174804687,0.074951171875
2238900000000,2239200000000,0.008651733398437,0.08447265625,0.012847900390625002,0.0936279296875
2239200000000,2239500000000,0.008285522460937,0.1046142578125,0.017059326171875,0.1119384765625
2239500000000,2239800000000,0.001544952392578,0.1119384765625,0.011764526367187,0.1123046875
2239800000000,2240100000000,0.000494956970214,0.111572265625,0.001991271972656,0.11181640625
2240100000000,2240400000000,0.000508308410644,0.1112060546875,0.0023307800292960003,0.1114501953125
2240400000000,2240700000000,0.00048828124999999995,0.11083984375,0.002811431884765,0.111083984375
2240700000000,2241000000000,0.000516891479492,0.1104736328125,0.002201080322265,0.1107177734375
2241000000000,2241300000000,0.0005044937133780001,0.110107421875,0.00284194946289,0.1103515625
2241300000000,2241600000000,0.00032520294189400005,0.1116943359375,0.001787185668945,0.1236572265625
2241600000000,2241900000000,0.00029373168945300005,0.1236572265625,0.001665115356445,0.1236572265625
2241900000000,2242200000000,0.000321388244628,0.1236572265625,0.002418518066406,0.1236572265625
2242200000000,2242500000000,0.000309944152832,0.1236572265625,0.0017776489257810002,0.1236572265625
2242500000000,2242800000000,0.00030136108398400003,0.1236572265625,0.001676559448242,0.1236572265625
2242800000000,2243100000000,0.000308990478515,0.1236572265625,0.001937866210937,0.1236572265625
2243100000000,2243400000000,0.007118225097656,0.1236572265625,0.012435913085937,0.1236572265625
2243400000000,2243700000000,0.008331298828125,0.1236572265625,0.0174560546875,0.1236572265625
2243700000000,2244000000000,0.008331298828125,0.1236572265625,0.01617431640625,0.1236572265625
2244000000000,2244300000000,0.008499145507812,0.1236572265625,0.01953125,0.1236572265625
2244300000000,2244600000000,0.008773803710937,0.1236572265625,0.0184326171875,0.1236572265625
2244600000000,2244900000000,0.008804321289062,0.1236572265625,0.017181396484375,0.1236572265625
2244900000000,2245200000000,0.008743286132812,0.1175537109375,0.03826904296875,0.1236572265625
2245200000000,2245385000000,0.008285522460937,0.123291015625,0.0130615234375,0.1236572265625
2245385000000,2245395000000,4.768371582031251e-05,0.0501708984375,0.000336647033691,0.090576171875
2245395000000,2245401000000,0.00026130676269500003,2.0980834960937503e-05,0.001567840576171,2.1934509277343753e-05
2245396000000,2245397000000,0.0,9.5367431640625e-07,0.0,9.5367431640625e-07
2245397000000,2245398000000,0.0,9.5367431640625e-07,0.0,9.5367431640625e-07
2245398000000,2245500000000,0.006546020507812,0.003944396972656,0.013946533203125002,0.006462097167968001
2245401000000,2245402000000,0.0,1.811981201171875e-05,0.0,1.811981201171875e-05
2245500000000,2245800000000,0.007827758789062,0.011947631835937,0.016632080078125,0.0186767578125
2245800000000,2246100000000,0.008575439453125,0.03082275390625,0.01434326171875,0.0411376953125
2246100000000,2246400000000,0.008621215820312,0.04925537109375,0.019012451171875,0.05694580078125
2246400000000,2246700000000,0.00836181640625,0.064208984375,0.01812744140625,0.0714111328125
2246700000000,2247000000000,0.008529663085937,0.07861328125,0.0152587890625,0.085693359375
2247000000000,2247300000000,0.007965087890625,0.0924072265625,0.01397705078125,0.1021728515625
2247300000000,2247600000000,0.007492065429687,0.108642578125,0.02203369140625,0.1124267578125
2247600000000,2247900000000,0.00048065185546800006,0.1119384765625,0.002471923828125,0.1121826171875
2247900000000,2248200000000,0.0005149841308590001,0.111572265625,0.002159118652343,0.11181640625
2248200000000,2248500000000,0.0005159378051750001,0.1112060546875,0.002571105957031,0.1114501953125
2248500000000,2248800000000,0.0005111694335930001,0.11083984375,0.001874923706054,0.111083984375
2248800000000,2249100000000,0.0006799697875970001,0.110595703125,0.021392822265625,0.1107177734375
2249100000000,2249400000000,0.0005569458007810001,0.1102294921875,0.001918792724609,0.1104736328125
2249400000000,2249700000000,0.00045871734619100005,0.1099853515625,0.00186538696289,0.110107421875
2249700000000,2250000000000,0.00059700012207,0.1097412109375,0.018829345703125,0.10986328125
2250000000000,2250300000000,0.00045967102050700005,0.1094970703125,0.002906799316406,0.1094970703125
2250300000000,2250600000000,0.000431060791015,0.1094970703125,0.001905441284179,0.1094970703125
2250600000000,2250900000000,0.000473022460937,0.1153564453125,0.00191307067871,0.1236572265625
2250900000000,2251200000000,0.000960350036621,0.1236572265625,0.0146484375,0.1236572265625
2251200000000,2251500000000,0.017059326171875,0.1236572265625,0.0799560546875,0.1236572265625
2251500000000,2251800000000,0.00823974609375,0.1236572265625,0.019073486328125,0.1236572265625
2251800000000,2252100000000,0.0084228515625,0.1236572265625,0.011627197265625002,0.1236572265625
2252100000000,2252400000000,0.0091552734375,0.1236572265625,0.030548095703125003,0.1236572265625
2252400000000,2252700000000,0.008346557617187,0.1219482421875,0.017364501953125,0.1236572265625
2252700000000,2253000000000,0.008544921875,0.1163330078125,0.01739501953125,0.1163330078125
2253000000000,2253300000000,0.009048461914062,0.1163330078125,0.019134521484375,0.1168212890625
2253300000000,2253532000000,0.009140014648437,0.119140625,0.023895263671875003,0.1236572265625
2253532000000,2253540000000,0.001049041748046,0.059814453125,0.00970458984375,0.1016845703125
2253540000000,2253543000000,0.000484466552734,2.1934509277343753e-05,0.00145149230957,2.1934509277343753e-05
2253541000000,2253542000000,0.0,1.9073486328125e-06,0.0,1.9073486328125e-06
2253542000000,2253543000000,0.0,1.9073486328125e-06,0.0,1.9073486328125e-06
2253543000000,2253544000000,0.0,2.0980834960937503e-05,0.0,2.0980834960937503e-05
2253543000000,2253600000000,0.006034851074218001,0.002677917480468,0.016357421875,0.005096435546875
2253600000000,2253900000000,0.008056640625,0.011932373046875002,0.016387939453125,0.0186767578125
2253900000000,2254200000000,0.007232666015625001,0.028778076171875003,0.014678955078125002,0.03607177734375
2254200000000,2254500000000,0.007423400878906,0.041748046875,0.009872436523437,0.04931640625
2254500000000,2254800000000,0.0078125,0.05596923828125,0.01873779296875,0.06231689453125
2254800000000,2255100000000,0.007858276367187,0.0694580078125,0.014816284179687,0.0760498046875
2255100000000,2255400000000,0.006866455078125001,0.080810546875,0.033203125,0.0860595703125
2255400000000,2255700000000,0.007247924804687,0.09375,0.0284423828125,0.10107421875
2255700000000,2256000000000,0.00738525390625,0.106201171875,0.019317626953125,0.1107177734375
2256000000000,2256300000000,0.005844116210937,0.11181640625,0.02008056640625,0.1121826171875
2256300000000,2256600000000,0.001399993896484,0.1119384765625,0.008056640625,0.1119384765625
2256600000000,2256900000000,0.006332397460937,0.112060546875,0.04315185546875,0.1123046875
2256900000000,2257200000000,0.004631042480468001,0.1123046875,0.03375244140625,0.1124267578125
2257200000000,2257500000000,0.001537322998046,0.1123046875,0.010482788085937,0.1123046875
2257500000000,2257800000000,0.00286865234375,0.1123046875,0.05072021484375,0.1123046875
2257800000000,2258100000000,0.001394271850585,0.1131591796875,0.011276245117187,0.1236572265625
2258100000000,2258400000000,0.01043701171875,0.1236572265625,0.0491943359375,0.1236572265625
2258400000000,2258700000000,0.00592041015625,0.1236572265625,0.05206298828125,0.1236572265625
2258700000000,2259000000000,0.002655029296875,0.1236572265625,0.040283203125,0.1236572265625
2259000000000,2259300000000,0.00408935546875,0.1236572265625,0.03253173828125,0.1236572265625
2259300000000,2259600000000,0.008056640625,0.1236572265625,0.04229736328125,0.1236572265625
2259600000000,2259900000000,0.009109497070312,0.1236572265625,0.054931640625,0.1236572265625
2259900000000,2260200000000,0.013870239257812,0.1236572265625,0.0469970703125,0.1236572265625
2260200000000,2260500000000,0.016021728515625,0.1236572265625,0.044921875,0.1236572265625
2260500000000,2260800000000,0.017425537109375,0.1236572265625,0.0582275390625,0.1236572265625
2260800000000,2261100000000,0.012405395507812,0.1236572265625,0.0438232421875,0.1236572265625
2261100000000,2261400000000,0.01873779296875,0.1236572265625,0.0489501953125,0.1236572265625
2261400000000,2261700000000,0.01629638671875,0.1236572265625,0.04022216796875,0.1236572265625
2261700000000,2262000000000,0.0162353515625,0.1236572265625,0.0467529296875,0.1236572265625
2262000000000,2262118000000,0.009231567382812,0.1220703125,0.016571044921875,0.1236572265625
2262118000000,2262127000000,0.00787353515625,0.05029296875,0.0162353515625,0.083251953125
2262127000000,2262131000000,0.00314712524414,2.1934509277343753e-05,0.012588500976562,2.2888183593750003e-05
2262129000000,2262130000000,0.0,1.9073486328125e-06,0.0,1.9073486328125e-06
2262130000000,2262300000000,0.007453918457031,0.00592041015625,0.01641845703125,0.009780883789062
2262300000000,2262600000000,0.008331298828125,0.016632080078125,0.0184326171875,0.026519775390625003
2262600000000,2262900000000,0.0086669921875,0.03729248046875,0.017791748046875,0.04571533203125
2262900000000,2263200000000,0.0086669921875,0.0543212890625,0.02020263671875,0.06201171874999999
2263200000000,2263500000000,0.008590698242187,0.071044921875,0.018402099609375,0.0789794921875
2263500000000,2263800000000,0.00860595703125,0.0860595703125,0.02044677734375,0.0928955078125
2263800000000,2264100000000,0.008224487304687,0.1026611328125,0.0167236328125,0.109619140625
2264100000000,2264400000000,0.007171630859375001,0.1116943359375,0.03948974609375,0.1123046875
2264400000000,2264700000000,0.006782531738281,0.112060546875,0.03985595703125,0.1121826171875
2264700000000,2265000000000,0.01214599609375,0.112548828125,0.0689697265625,0.11376953125
2265000000000,2265300000000,0.007583618164062,0.1136474609375,0.06396484375,0.11474609375
2265300000000,2265600000000,0.008193969726562,0.1146240234375,0.0484619140625,0.11474609375
2265600000000,2265900000000,0.010528564453125,0.117431640625,0.0667724609375,0.1236572265625
2265900000000,2266200000000,0.004226684570312,0.1236572265625,0.029022216796875003,0.1236572265625
2266200000000,2266500000000,0.003753662109375,0.1236572265625,0.038818359375,0.1236572265625
2266500000000,2266800000000,0.006927490234375001,0.1236572265625,0.0338134765625,0.1236572265625
2266800000000,2267100000000,0.004562377929687,0.1236572265625,0.035400390625,0.1236572265625
2267100000000,2267400000000,0.012542724609375002,0.1236572265625,0.0628662109375,0.1236572265625
2267400000000,2267700000000,0.007484436035156,0.1236572265625,0.04046630859375,0.1236572265625
2267700000000,2268000000000,0.013290405273437,0.1236572265625,0.0491943359375,0.1236572265625
2268000000000,2268300000000,0.013763427734375002,0.1236572265625,0.0467529296875,0.1236572265625
2268300000000,2268600000000,0.0166015625,0.1236572265625,0.065673828125,0.1236572265625
2268600000000,2268900000000,0.0164794921875,0.1236572265625,0.0772705078125,0.1236572265625
2268900000000,2269200000000,0.013473510742187,0.1236572265625,0.04852294921875,0.1236572265625
2269200000000,2269500000000,0.014846801757812,0.1236572265625,0.0439453125,0.1236572265625
2269500000000,2269800000000,0.0140380859375,0.1236572265625,0.0443115234375,0.1236572265625
2269800000000,2270100000000,0.019073486328125,0.1234130859375,0.07080078125,0.1236572265625
2270100000000,2270296000000,0.01531982421875,0.1236572265625,0.04736328125,0.1236572265625
2270296000000,2270313000000,0.008102416992187,0.067138671875,0.0164794921875,0.1236572265625
2270313000000,2270316000000,0.001131057739257,2.3841857910156253e-05,0.004554748535156,2.4795532226562503e-05
2270314000000,2270315000000,0.0,9.5367431640625e-07,0.0,9.5367431640625e-07
2270315000000,2270316000000,0.0,9.5367431640625e-07,0.0,9.5367431640625e-07
2270316000000,2270400000000,0.006919860839843001,0.003700256347656,0.01556396484375,0.0064697265625
2270316000000,2270317000000,0.0,2.2888183593750003e-05,0.0,2.2888183593750003e-05
2270400000000,2270700000000,0.008285522460937,0.011886596679687,0.026153564453125003,0.01715087890625
2270700000000,2271000000000,0.008453369140625,0.026702880859375003,0.01849365234375,0.03680419921875
2271000000000,2271300000000,0.008453369140625,0.04302978515625,0.018585205078125,0.04937744140625
2271300000000,2271600000000,0.008438110351562,0.05517578125,0.01123046875,0.0609130859375
2271600000000,2271900000000,0.008331298828125,0.067138671875,0.015548706054687,0.0728759765625
2271900000000,2272200000000,0.008331298828125,0.07861328125,0.01715087890625,0.0850830078125
2272200000000,2272500000000,0.008392333984375,0.0894775390625,0.0164794921875,0.095947265625
2272500000000,2272800000000,0.008209228515625,0.103515625,0.019500732421875,0.1092529296875
2272800000000,2273100000000,0.007614135742187,0.1114501953125,0.028778076171875003,0.1121826171875
2273100000000,2273400000000,0.0035972595214840003,0.11181640625,0.0313720703125,0.11181640625
2273400000000,2273700000000,0.012588500976562,0.11181640625,0.1214599609375,0.112060546875
2273700000000,2274000000000,0.007377624511718001,0.1119384765625,0.0361328125,0.1119384765625
2274000000000,2274300000000,0.000906944274902,0.1119384765625,0.004867553710937,0.1119384765625
2274300000000,2274600000000,0.000908851623535,0.11181640625,0.007125854492187,0.1119384765625
2274600000000,2274900000000,0.008087158203125,0.1116943359375,0.0325927734375,0.11181640625
2274900000000,2275200000000,0.0015335083007810002,0.1116943359375,0.0228271484375,0.1116943359375
2275200000000,2275500000000,0.006309509277343001,0.111572265625,0.04217529296875,0.1116943359375
2275500000000,2275800000000,0.000819206237792,0.1171875,0.005516052246093001,0.1236572265625
2275800000000,2276100000000,0.0008468627929680001,0.1236572265625,0.005683898925781,0.1236572265625
2276100000000,2276400000000,0.0008687973022460001,0.1236572265625,0.006797790527343001,0.1236572265625
2276400000000,2276700000000,0.006393432617187,0.1236572265625,0.0189208984375,0.1236572265625
2276700000000,2277000000000,0.009002685546875,0.1236572265625,0.021942138671875,0.1236572265625
2277000000000,2277300000000,0.02069091796875,0.1236572265625,0.04632568359375,0.1236572265625
2277300000000,2277600000000,0.013229370117187,0.1236572265625,0.026336669921875003,0.1236572265625
2277600000000,2277900000000,0.009140014648437,0.1236572265625,0.0224609375,0.1236572265625
2277900000000,2278200000000,0.009109497070312,0.12255859375,0.01812744140625,0.1236572265625
2278200000000,2278500000000,0.009017944335937,0.119384765625,0.018341064453125,0.119873046875
2278500000000,2278579000000,0.008651733398437,0.119384765625,0.0111083984375,0.1236572265625
2278579000000,2278584000000,0.007888793945312,0.03375244140625,0.015960693359375,0.0501708984375
2278584000000,2278588000000,0.002288818359375,0.004196166992187,0.0091552734375,0.0167236328125
2278586000000,2278587000000,0.0,9.5367431640625e-07,0.0,9.5367431640625e-07
2278587000000,2278588000000,0.0,9.5367431640625e-07,0.0,9.5367431640625e-07
2278588000000,2278800000000,0.007774353027343001,0.007919311523437,0.01904296875,0.013381958007812
2278588000000,2278589000000,0.0,2.0980834960937503e-05,0.0,2.0980834960937503e-05
2278800000000,2279100000000,0.008316040039062,0.020965576171875,0.020904541015625,0.031982421875
2279100000000,2279400000000,0.008590698242187,0.04083251953125,0.018157958984375,0.05029296875
2279400000000,2279700000000,0.008697509765625,0.05596923828125,0.0205078125,0.0609130859375
2279700000000,2280000000000,0.008560180664062,0.0648193359375,0.1043701171875,0.068115234375
2280000000000,2280300000000,0.008590698242187,0.071533203125,0.107421875,0.074951171875
2280300000000,2280600000000,0.008651733398437,0.078369140625,0.027557373046875003,0.0816650390625
2280600000000,2280900000000,0.0087890625,0.0848388671875,0.0252685546875,0.0877685546875
2280900000000,2281200000000,0.008316040039062,0.0904541015625,0.016876220703125,0.0936279296875
2281200000000,2281500000000,0.008331298828125,0.0992431640625,0.01739501953125,0.1036376953125
2281500000000,2281800000000,0.008285522460937,0.105712890625,0.011016845703125,0.1080322265625
2281800000000,2282100000000,0.006858825683593001,0.1102294921875,0.016571044921875,0.1121826171875
2282100000000,2282400000000,0.017608642578125,0.1116943359375,0.04345703125,0.11181640625
2282400000000,2282651000000,0.011978149414062,0.11279296875,0.0645751953125,0.1236572265625
2282651000000,2282656000000,0.005996704101562,0.026123046875,0.016326904296875,0.0823974609375
2282656000000,2282659000000,0.000130653381347,2.0980834960937503e-05,0.000392913818359,2.1934509277343753e-05
2282658000000,2282700000000,0.005226135253906,0.001890182495117,0.01617431640625,0.003833770751953
2282700000000,2283000000000,0.008331298828125,0.008941650390625,0.01727294921875,0.0133056640625
2283000000000,2283175000000,0.00836181640625,0.016204833984375,0.017059326171875,0.0186767578125
2283175000000,2283178000000,0.007789611816406,0.018707275390625,0.014633178710937,0.018707275390625
2283178000000,2283179000000,0.008407592773437,0.018707275390625,0.00958251953125,0.018707275390625
2283179000000,2283184000000,0.000800132751464,8.20159912109375e-05,0.005393981933593001,8.296966552734376e-05
